title,url,content
'이 자세'로 앉는 습관… 노화 앞당긴다,https://v.daum.net/v/20230418134844371,"우선 활성산소가 생기는 원리에 대해 알 필요가 있다. 활성산소는 우리가 호흡하고 활동하는 동안 자연스럽게 체내에 발생하는데, 혈액의 흐름과 관련이 깊다. 특정 원인으로 인해 정상적으로 공급되지 않았던 혈액이 갑자기 공급되면, 에너지를 만드는 미토콘드리아에 대량에 산소가 들어간다. 이때 미토콘드리아가 에너지를 만들기 위해 사용한 산소가 남으면 활성산소가 된다. 대표적으로 ▲과식이나 ▲무리한 운동 ▲담배 연기 ▲스트레스 ▲자외선이 활성산소 생성을 촉진하는 요인이다.이런 점에서 양반다리 또한 다리의 혈류가 통하지 않는 자세이며, 신경에 산소·영양분이 퍼지지 않는 상태에서 갑자기 일어서면 억제됐던 혈액이 흐르고 활성산소가 발생한다. 이때 발이 저릴 뿐 아니라 따끔거리며 아프다. 격렬한 운동을 하다가 갑자기 멈출 때도 마찬가지다. 몸속에서 발생한 에너지가 쓰이지 못하고, 산소도 남아도는 상황이 되기 때문이다.문제는 몸에 활성산소가 많이 쌓이면 세포를 공격하고 노화를 앞당길 뿐 아니라 여러 질병을 유발하는 것이다. 한국과학기술원 연구팀에 따르면 체내 활성산소 농도가 높으면 JNK(세포를 사멸시키는 신호전달 분자)가 많아져 정상 세포가 많이 망가지고, 만성 염증도 유발된다. 뇌세포가 손상되면 치매, 혈관이 다치면 동맥경화증, 눈이 공격받으면 백내장, 피부가 영향을 받으면 주름이 발생할 수 있다.양반다리를 자주 하면 무릎 관절과 척추 건강에도 좋지 않다. 무릎을 130도 이상 과도하게 구부리게 되면서 관절 내부의 압력이 높아지고, 무릎뼈 사이 연골판에도 압력이 가해지기 때문이다. 퇴행성관절염을 앓고 있다면 통증이 더 심해질 수 있다. 또 양반다리를 하면 한쪽 다리는 위로, 반대쪽 다리는 아래로 향하며 골반이 틀어지는데, 그럼 척추에 가해지는 압력 역시 한쪽으로 쏠려 허리디스크가 발생할 위험이 커진다.따라서 건강을 위해서는 바닥보다 의자에 앉고, 양반다리를 피하는 게 좋다. 이때 엉덩이를 등받이에 밀착시킨 뒤 허리는 곧게 펴고, 바닥에 발이 닿지 않는다면 발 받침대를 놓아 발이 닿도록 하는 게 좋다. 만약 바닥에 앉아야만 하는 상황이라면 방석을 반으로 접어 깔고 앉아 무릎과 허리에 무리가 덜 가도록 한다. 또 복부에 힘을 주고 최대한 허리를 반듯하게 편 자세를 유지한다."
"중환자 치료비, 가족이 쉽게 계좌 인출한다",https://v.daum.net/v/20230418174212958,"앞으로 거동이 어려운 환자는 은행 방문 없이 치료비 목적의 예금 인출이 허용된다. 환자인 예금주를 대신해 가족이 인출을 신청할 때 지급 절차를 대폭 간소화하기에 가능한 일이다. 아울러 예금 인출이 가능한 치료비 범위가 입원비는 물론 검사비 등 치료 목적 비용 등으로 확대된다. 지급 대상 의료기관 역시 기존에는 병원만 가능했지만 요양원과 요양병원이 추가된다.은행연합회는 이런 내용을 담은 '거동 불가 예금주 상황별 치료비 등 예금 인출 절차 개선 방안'을 마련해 20일부터 시행한다고 18일 밝혔다.그동안 은행들은 예금주가 거동이 어려운 경우 가족이나 대리인이 위임장, 인감증명서 등을 소지해야만 예금 인출을 허용해왔다. 예금주가 사망한 경우에는 상속인 전원이 동의한 서류를 제출해야 예금이 지급됐다. 예금 부정 인출 가능성을 방지하기 위한 조치였지만 은행별로 내부 규정에 따라 요구하는 서류가 제각각이여서 긴급 자금이 필요한 금융 소비자들의 불편이 크다는 지적이 많았다.예금주가 의식불명인 경우는 특히 대리인의 예금 인출 절차가 까다로워 문제점으로 지목돼 왔다.의식불명인 예금주의 가족이 예금 인출을 신청할 때 은행은 치료비 목적에 한해 병원 계좌에 직접 이체했다. 그마저도 지급 대상 치료비가 '긴급한 수술비'로 한정되고 의료기관도 '병원'으로 제한돼 소비자의 현실적인 사정과 동떨어졌다는 비판이 나왔다.급기야 지난 1월에는 뇌경색으로 비위관(콧줄)을 단 80대 중환자가 '수술비 외 병원비를 찾을 땐 예금주 본인이 직접 방문해야 한다'는 은행 규정 때문에 구급차에 실려 은행을 방문하는 일마저 벌어졌다.은행권이 공동으로 마련한 새 방안은 예금 인출이 가능한 치료비 범위와 지급 대상 의료기관을 늘리고 은행마다 다르게 운영해 온 업무 처리 방식을 통일한 점이 특징이다.우선 예금 인출이 가능한 치료비 범위를 '치료 목적 비용'으로 확대하고 장례비도 포함하기로 했다. 이에 따라 수술비뿐 아니라 입원비와 검사비 등 환자 치료를 목적으로 한 모든 비용의 예금 인출이 가능해진다. 은행이 직접 이체하는 의료기관에 병원뿐 아니라 요양병원, 요양원, 장례식장도 추가했다.은행들은 예금주 가족이 치료비 목적으로 인출을 신청할 경우 가족관계 확인 서류와 의사 소견서, 병원비 청구서 등으로 필요한 서류를 줄였다. 위임장이나 인감증명서 제출을 생략했다.다만 예금주가 가족이 없어 대리인이 신청하는 경우는 부정 인출 사고를 막기 위해 현행처럼 위임장과 인감증명서 등을 통해 본인 대리 의사를 확인하고 예금을 지급하기로 했다. 일부 은행은 은행원이 병원에 직접 방문해 예금주의 본인 의사를 확인하는 절차를 추가한다. 예금주가 사망한 경우에는 가족이 사망진단서와 가족관계 확인 서류, 병원비나 장례비 영수증만 제출하면 은행이 병원이나 장례식장에 직접 입금할 수 있다.은행권은 고객을 응대할 때 상담 직원이 점검해야 할 체크리스트도 마련했다. 이를 통해 예금주 상태를 오인하거나 무리한 영업점 방문을 안내하는 것 등을 사전에 방지한다는 계획이다.[임영신 기자]"
강릉 휩쓴 산불 재산피해액만 400억 달해,https://v.daum.net/v/20230418173912866,"최근 강원도 강릉에서 난 대형산불로 약 400억원의 재산피해가 발생한 것으로 집계됐다.18일 강릉시는 이 같은 내용의 1차 재해조사 결과를 발표했다.조사 결과 인명피해는 27명(사망 1명·경상 26명), 재산피해액은 총 398억4600만원이었다. 재산피해의 경우 사유시설 333억5000만원, 공공시설 64억9600만원이다.이재민은 217가구, 489명이 발생했다.이번 1차 조사에 이어 강원도와 중앙합동조사반의 2차 조사가 24일까지 진행된다. 2차 조사가 끝나면 5월 중순까지 복구계획이 확정될 예정이다.김홍규 강릉시장은 이날 1차 조사 결과와 함께 “온정의 손길이 절실하다”고 호소했다.김 시장은 “산불 이후 경포지역 숙박업소와 음식점 예약이 취소되고 관광객의 발길도 뜸해지고 있다”며 “강릉 여행은 피해 주민을 돕는 또 하나의 봉사활동이고 희망을 주는 아름다운 기부”라고 강조했다.앞서 11일 오전 8시 30분께 강릉 난곡동에서 산불이 발생해 8시간 만인 오후 4시 30분께 가까스로 진화됐다. 정부는 다음날인 12일 일대를 특별재난지역으로 지정했다."
"시흥시의회 임시회 파행, 반쪽짜리 예산심사...졸속 우려",https://v.daum.net/v/20230418171108939,시흥시의회가 임기제공무원인 정책지원관 채용과정에서 민주당과 국민의힘 의견 대립으로 추경예산을 다뤄야 할 임시회가 파행(경기일보 14일자 인터넷)을 겪고 있는 가운데 국힘 의원들이 상임위까지 불참하면서 ‘반쪽짜리 예산심사’로 전락하고 있다.18일 시흥시와 시의회 등에 따르면 시의회는 14일부터 26일까지 13일 동안 제306회 임시회를 개회했다. 이번 임시회에선 예결특위 구성을 통해 올해 제1회 추경예산안 및 2023년도 행정사무감사 계획서 및 증인채택의 건 등을 승인한다.하지만 이날 임시회 본회의에 국힘 의원들이 불참하면서 민주당 의원들만 참석해 예결위원을 뽑은데 이어 17일 양당이 각각 기자회견을 열고 상대당에 책임을 떠넘기며 비난하고 나서 이후 상임위 추경안 심의가 민주당 시의원들만 참석한 채 진행되고 있다.민주당 시의원들은 기자회견을 통해 “국힘이 정책지원관 채용 시 각 정당이 추천한 면접관을 제안했지만 이는 공직자이해충돌방지법에 따른 회피 사유”라며 “공정한 채용을 기대할 수 없는 행위”라고 주장했다.아울러 “회기에 참여하지 않고 의회 파행의 지경에 이르게 한 국민의힘은 시민과 집행부에 사과하라”며 “공정한 절차에 따라 채용된 정책지원관들에 대한 명예훼손 행위를 중단하라”고 요구했다.이어 국민의힘 의원들은 “편향적인 채용을 개선하고자 제안한 내용이 전혀 반영되지 않았다. 면접위원 구성이 민주당이 의장으로 있는 인근 지자체 의회 공무원들로 구성됐다”며 “다수당의 일방적 수단으로 전락될 가능성에 우려를 표한다”고 말했다.또 “우리 당의 제안이 받아드려 질 때까지 무기한 투쟁을 실시할 것”이라며 상임위 예산안 심의에 불참하는 것은 물론 시의회 앞에서 1인 시위를 이어가고 있다.이에 따라 민주당이 다수당인 자치행정위와 교육복지위는 민주당 의원들만 참석한 채 추경예산안을 심의하고 있지만 국힘 의원이 다수인 도시환경위는 예산안 심의조차 열지 못하고 있다.국힘 의원들은 문제가 해결되지 않을 경우 예결위까지 불참할 것을 표명하고 있어 결국 민주당 의원들만의 반쪽짜리 예산안 심사가 이어질 경우 졸속예산 심사라는 비난을 피하기 어려울 전망이다.한 시민단체 관계자는 “당리당략에 따라 시민들은 안중에도 없는 게 아니냐. 밤을 새워서라도 철저하게 예산을 심사해야지 이렇게 졸속으로 예산을 통과시키면 시의원으로써 직무유기에 해당한다”고 비난했다.김형수 기자 vodokim@kyeonggi.com
화성 동탄서도 250채 오피스텔 '전세사기 의심' 신고,https://v.daum.net/v/20230418173145619,"화성 동탄에서 250채의 오피스텔 집단 전세사기가 우려된다는 신고가 접수돼 경찰이 수사에 나섰다.18일 화성동탄경찰서에 따르면 전날 “동탄에서 집단 전세사기가 터질 것 같다”는 취지의 신고가 접수됐다.신고자는 “최근 동탄 A 부동산에서 동탄1신도시 소재 오피스텔을 계약했다”며 “당시 임대인 대리인이라고 주장했던 A 부동산 공인중개사가 대리로 계약을 진행했다”고 주장했다.이어 “그러나 전세 만료 1주일 전까지 세입자가 나타나지 않아 내용증명을 발송했다”며 “이후 2달이 지난 지금도 세입자를 못 구해서 임대인은 돈을 못 돌려준다는 말만 반복하고 있다”고 덧붙였다.신고자 주장에 의하면 임대인은 부부 관계로, 동탄·병점·수원·용인 등지에서 운영 중인 오피스텔만 250여채에 이른다.이들 오피스텔은 한 공인중개사를 통해 위탁 운영하고 있다.이런 가운데 임대인은 최근 세입자들에게 “오는 6월부터는 세금 체납이 예상돼 오피스텔 소유권을 이전받아가라”고 통보했다.다만 오피스텔은 현재 역전세로 소유권을 이전받으려면 각종 세금과 떨어진 가격으로 2천~5천만원의 손해가 발생한다는 게 신고자의 설명이다.신고자는 “현재 전세사기를 당하는 중”이라며 “피해자도 수십명에 달하는 심각한 상황”이라고 전했다.경찰 관계자는 “해당 신고자 외에도 현재까지 같은 내용의 신고가 다수 접수되고 있는 상황”이라며 “진위여부를 파악 중”이라고 설명했다.양휘모 기자 return778@kyeonggi.com 김기현 기자 fact@kyeonggi.com"
경기도내 네 번째 엠폭스 확진자 발생... 국내 감염 추정,https://v.daum.net/v/20230418173607761,"경기지역에서 네 번째 엠폭스(원숭이두창·Mpox) 확진자가 발생했다.18일 질병관리청과 경기도 등에 따르면 이날 기준 경기도내 엠폭스 확진 환자는 모두 4명으로 집계됐다.이번에 추가로 확진된 이 환자는 내국인으로 피부병변 등 의심 증상을 보여 질병관리청으로 신고, 유전자 검사 결과 확진 판정을 받았다.최초 증상 발현 3주 이내 해외 여행력이 없어 국내 감염으로 추정된다. 현재 격리 병상에서 입원 치료 중으로, 전반적인 상태는 양호한 것으로 알려졌다.엠폭스는 원숭이두창 바이러스 감염에 의한 급성 발열, 발진성 질환이다. 발열, 오한 등 증상을 나타내고 1~4일 후 발진 증상을 보인다.도 관계자는 “최근 확진 환자가 증가하고 있는 만큼, 감염 예방 수칙 준수와 함께 의심 증상이 발생하면 신속한 신고를 해달라”고 당부했다.한편, 국내 누적 엠폭스 확진자는 이날 5시 기준 모두 16명이다.황아현 기자 1cor1031@kyeonggi.com"
美 중소형銀 위기 틈타 애플 등판…금융시장 판 흔든다,https://v.daum.net/v/20230418174207951,"애플이 17일(현지시간) 애플카드 이용자를 대상으로 연 4.15% 이자가 붙는 예금계좌 상품을 내놓으면서 미국 금융업계가 바짝 긴장하고 있다. 금융 영역으로 영토를 확장하는 세계 최대 정보기술(IT) 기업 애플의 '금융 침공 행보'가 찻잔 속 태풍에 그칠지, 금융권 판을 흔드는 메기가 될지 미국은 물론 전 세계도 주목하고 있다.애플은 작년 10월 글로벌 투자은행 골드만삭스와 손잡고 저축계좌를 내놓겠다고 밝힌 지 6개월 만에 아이폰 월릿 애플리케이션(앱)에서 해당 상품을 출시했다. 아이폰에 금융서비스를 접목해 아이폰 생태계를 강화하는 동시에 금융으로 영토를 확장하려는 애플의 전략과 소매금융에 유독 취약한 골드만삭스가 애플을 통해 고객을 확보하려는 속내가 맞아떨어진 결과라는 해석이다.월스트리트저널(WSJ) 등 외신은 애플이 고금리 상품을 내놓으며 사실상 은행들과 예금 경쟁에 뛰어들었다는 평가를 내놓았다. 높은 금리와 디지털 결제 편리성이라는 장점을 앞세워 자금을 끌어모을 것이라는 예상이다. 금리는 미 전국의 저축성 예금 평균 금리(0.37%)보다 무려 10배 이상 높다. 아이폰 월릿 앱 계좌를 생성하는 데 따르는 수수료나 최소 예금 조건도 없다. 계좌에 맡길 수 있는 최대 잔액은 25만달러(약 3억3000만원)다. 미국 내 신용 승인을 받은 애플카드 발급자에 한해 계좌 개설이 가능하다. 다만 미국 내에서만 서비스가 가능하다.계좌를 개설하면 '데일리 캐시' 보상이 저축 계좌로 자동 입금된다. 데일리 캐시는 애플카드 사용 시 최대 3%까지 제공되는 리워드(보상)다. 언제든지 데일리 캐시 입금 위치를 바꿀 수 있고, 저축 계좌에 은행 계좌 자금을 추가해 수익을 창출할 수도 있다. 계좌는 월릿 앱에 나타나는 대시보드를 통해 관리할 수 있고, 자신의 이자 및 계좌 잔액을 추적하거나 자금을 인출할 수 있다.그동안 애플은 더 많은 수익을 창출하면서도 소비자를 애플 플랫폼에 고정시키는 방법을 고민해왔다. 이를 위해 최근 몇 년 동안 금융 상품을 점진적으로 확대해왔다. 2012년에는 디지털 지갑 '월릿'을 선보였고, 2014년 모바일 결제 '애플페이'에 이어 2017년 메시지를 통한 개인 간 송금 서비스 '애플캐시'를 내놨다. 2019년에는 골드만삭스와 제휴한 신용카드인 '애플카드'를 공개했다. 사실상 단기 대출 서비스를 시범 출시했고 장기 대출인 '애플페이 먼슬리 페이먼트'도 준비 중인 것으로 알려졌다. 그 결과 애플 금융서비스 매출 비중은 2012년 8.2%에서 2022년 19.8%로 최근 10년 사이에 두 배 넘게 늘었다.'실적 부진'을 겪고 있는 골드만삭스에 애플과의 제휴는 새 돌파구가 될 수 있다. 지난해 골드만삭스는 투자금융과 자산운용 부문 매출이 급감한 여파로 연간 순이익이 48% 감소했다. 이밍 마 컬럼비아대 금융학 조교수는 WSJ에 ""실리콘밸리은행(SVB) 붕괴 이후 은행 산업 안전성에 대한 우려를 감안할 때 애플의 기존 브랜드 인지도와 결합된 높은 금리는 신규 고객에게 특히 매력적일 수 있다""면서 ""모두가 애플을 알고 있으며, 많은 사람이 애플카드를 갖고 있다""고 평가했다. 다만 애플의 금융 분야 진출로 미 중소은행들은 큰 타격을 입을 것으로 보인다.블룸버그는 ""기술 기업의 영향력을 금융시장으로 확대하고 있는 애플은 잠재적으로 다른 금융회사들에 대한 압박을 가중시키고 있다""고 설명했다. 특히 지난달 SVB 파산 여파로 예금자들이 더 높은 수익률을 추구하거나 JP모건 등 안전한 곳으로 돈을 옮기면서 중소은행들이 퇴출 위기를 맞고 있는데, 여기에 애플까지 가세하면서 중소은행들의 어려움이 더 커질 것이라고 분석했다.실제 지난달 SVB와 시그니처은행이 잇따라 무너진 후 다음으로 위기가 찾아올 수 있는 금융기관으로 지목되며 예금 인출 사태에 시달려온 미 증권사 찰스슈워브는 올해 1분기 순이익이 16억달러를 기록하며 전년 동기 대비 14% 늘었지만, 같은 기간 예금은 410억달러 감소했다고 이날 밝혔다. 이날 실적을 공개한 스테이트스트리트 은행과 M&T도 예금이 각각 118억달러, 44억달러 감소했다고 밝혔다. 이 세 금융회사에서 빠져나간 예금은 600억달러에 육박한다고 파이낸셜타임스(FT)가 보도했다. FT는 이들 은행의 1분기 예금 인출 수준에 대해 ""SVB와 시그니처은행 등의 파산이 중소형 은행들 피해 수준을 더 가시적으로 보여준다""고 전했다.중소형 은행에서 빠져나간 자금은 웰스파고, JP모건, 씨티그룹 등 좀 더 안정적인 대형 은행으로 향하거나 단기 금융상품인 머니마켓펀드(MMF)에 몰려들고 있다. 현재 연방준비제도(Fed·연준) 기준 금리는 4.75~5%로 예금 금리와 대출 금리 간 큰 격차가 만들어진 상태다. 이에 따라 예금주들은 계속해서 금리가 조금이라도 높은 은행 계좌로 돈을 움직이는 추세다.WSJ는 ""디지털 결제 부문에서는 애플페이가 지배적이지만, 저축 계좌와 관련해서는 더 많은 경쟁자가 있다""면서 ""연 4.15% 금리는 일반 저축 계좌보다는 높지만 일부 온라인 은행은 연 5%의 높은 금리를 제공하기도 한다""고 전했다.[권한울 기자 / 김덕식 기자]"
"마크롱 ""분노 알지만 … 아무것도 안 할 순 없었다""",https://v.daum.net/v/20230418174205947,"에마뉘엘 마크롱 프랑스 대통령이 정년을 62세에서 64세로 연장하는 연금개혁에 대한 대중의 분노를 충분히 절감한다면서도 개혁은 반드시 필요하다고 강조했다.17일(현지시간) 마크롱 대통령은 대국민 TV 연설에서 공식적인 정년을 62세에서 64세로 늘리는 연금개혁안에 관해 ""합의점에 도달하지 못한 데 대해 유감스럽게 생각한다""며 운을 뗐다.다만 그는 ""정년 연장에 대한 국민 분노를 듣고 있지만 아무것도 하지 않을 수는 없었다""며 ""이 같은 개혁은 모든 프랑스인의 연금을 보장하기 위해 반드시 필요한 조치""라고 강변했다. 또 그는 ""모든 프랑스인이 더 오래 일하는 것은 국가 전체의 부를 더 많이 창출하는 것도 의미한다""고 밝히는 등 연금개혁의 당위성을 적극 피력했다. 15분간 녹화된 이 연설은 지난 15일 마크롱 대통령이 연금개혁 법안에 서명한 후 처음 발표된 공식 입장이다. 프랑스24는 이 같은 연설을 두고 ""마크롱 대통령이 연금개혁으로 타격을 받은 자신의 정치적 이미지를 회복하기 위해 노력하는 힘겨운 시도""라고 평했다.국민 분노를 달랠 추가 개혁과제도 제시했다. 마크롱 대통령은 교육, 보건 및 사법제도 개선책 외에 국민 급여 수준을 높이기 위한 구체적인 조치를 100일 내에 내놓기로 약속했다. 또 그는 ""엘리자베트 보른 프랑스 총리가 조만간 구체적인 로드맵을 공개할 예정이며, 7월 14일 프랑스 국경일에 맞춰 첫 번째 성과를 발표할 것""이라고 전했다.하지만 야당과 노동조합은 싸늘한 반응으로 일관하고 있다. 마크롱 대통령과 2017년, 2022년 대선에서 맞붙은 극우 성향의 마린 르펜 국민연합(RN) 의원은 마크롱 대통령이 ""국민에게 등을 돌리고 고통을 무시하기로 결정했다""며 비난을 이어갔다.노동조합 측은 연금개혁 법안 철회 없이는 다른 안건에 대해 정부와 어떠한 대화도 하지 않을 것이라는 방침을 재확인했다. 비교적 온건파로 분류되는 프랑스 최대 노동조합 민주노동연합(CFDT)의 로랑 베르제 사무총장은 ""만약 마크롱 대통령이 이 연설을 통해 대중의 마음을 달래고 내각 이미지를 회복하기를 바랐다면, 그는 이미 실패했다고 말해주고 싶다""고 밝혔다. 이어 그는 ""대통령 연설에는 노동자들에 대한 고려가 담긴 구체적인 내용이 조금도 담기지 않았다""고 비판했다. 강경 노동조합 노동총동맹(CGT)의 소피 비네 대표도 해당 연설에 대해 ""마크롱 대통령은 대체 어느 행성에 살고 있는가""라면서 ""그의 연설은 챗GPT가 썼을 수도 있다""며 조롱했다.프랑스 주요 노동조합은 5월 1일 프랑스 노동절에 대규모 시위를 벌이겠다고 예고한 상태다.[한재범 기자]"
中 '지갑' 열렸다 … 식당 소비 14% 쑥,https://v.daum.net/v/20230418174200935,"올해 1분기 중국 경제성장률이 시장 예상치를 크게 웃도는 4.5%를 기록하면서 리오프닝(경제활동 재개) 이후 중국 경제가 강한 회복세를 보이고 있다는 분석이 숫자로 입증됐다. 전문가들은 이 같은 추세가 지속되면 중국 당국이 제시한 올해 성장률 목표치(5.0% 안팎) 달성이 어렵지 않을 것으로 보고 있다. 하지만 경기 회복세가 아직 견고하지 않은 데다 부동산 시장 침체, 지방정부 재정 악화 등 각종 리스크가 산적해 있는 만큼 중국 정부가 추가 부양책을 내놓을 수도 있다는 관측이 나온다.중국 국가통계국이 18일 발표한 올 1분기 경제 성적표를 살펴보면 1분기 회복세를 견인한 건 소비였다. 소매판매는 11조4922억위안(약 2201조원)으로 지난해 동기 대비 5.8% 늘었다. 특히 3월 한 달간 소매판매 증가율은 10.6%로 두 자릿수를 기록했다. 지난 1~2월 증가율인 3.5%를 크게 뛰어넘었고 시장 예상치(7.5%)도 웃돌았다. 리오프닝과 함께 중국 당국이 소비 활성화를 노린 다양한 정책을 쏟아내면서 내수 경기의 가늠자인 소매판매가 크게 증가한 것이다.하지만 중국 소비 회복세가 앞으로도 유지될지는 불투명하다. 한 경제계 인사는 ""지난해 3월 소매판매 증감률이 -3.5%를 기록하면서 기저효과로 올해 3월 소매판매 증감률이 10%대로 껑충 뛴 측면도 있다""며 ""이 같은 성장세가 2분기에도 이어질지는 지켜볼 필요가 있다""고 지적했다.소비를 품목별로 보면 증가세가 한쪽으로 몰려 있는 점도 불안한 요소다. '제로 코로나' 정책 폐지 이후 외출하는 소비자가 크게 늘면서 1분기 요식업 소비액은 전년 동기 대비 13.9% 증가했다. 반면 상품 소비액은 같은 기간 4.9% 증가에 그쳤다. 여전히 자동차, 휴대폰, 가전제품 등 주요 품목에 대해서는 중국 소비자들이 아직까지 지갑을 열지 않고 있는 것이다. 생산과 투자도 회복세를 이어가고 있지만 소비에 비해 상대적으로 흐름이 더디다. 올 1분기 산업생산은 지난해 같은 기간보다 3.0% 늘었다. 앞선 1~2월 증가율(2.4%)보다 높지만 시장 전망치인 4.4%에는 미치지 못했다. 인프라스트럭처와 민간 설비 투자 등이 반영되는 고정자산 투자도 올 1분기에 전년 동기보다 5.1% 증가하긴 했지만 전망치(5.7%)를 밑돌았다. 특히 1~3월 부동산 개발 투자는 5.8% 감소하며 1~2월(-5.7%)보다 하락폭을 더 키웠다. 전문가들은 중국 부동산 시장 침체가 예상보다 더 길어지면 중국 경제성장률에 큰 악재가 될 것이라는 진단을 내놓고 있다.빠른 회복세를 보이는 수출도 언제든지 꺾일 수 있다. 중국 해관총서에 따르면 지난 3월 수출은 지난해 같은 기간보다 23.4% 급증했다. 중국 한 경제연구소 인사는 ""대다수 선진국이 올해 경기 침체에 빠질 것으로 예상되면서 해외 수요가 여전히 약하고, 금융 리스크도 계속 불거지는 만큼 중국 수출 증가세가 크게 둔화될 가능성이 있다""고 전망했다.이런 리스크를 감안해 중국 경제가 올해 정부 목표치인 5.0%를 달성하기 위해서는 추가 부양책이 필요하다는 목소리가 나온다. 아이리스 팡 ING 중국 담당 이코노미스트는 CNBC 인터뷰에서 ""중국이 인프라 투자와 소비를 늘릴 수 있는 추가 부양책을 발표할 것""이라고 예상했다.하지만 대다수 경제 전문가는 중국 경제가 대형 악재만 만나지 않는다면 정부 목표치는 무난히 달성할 것으로 내다봤다. 상하이 봉쇄로 지난해 2분기 성장률이 0.4%에 그쳤던 만큼 올해 2분기 성장률은 7% 안팎으로 치솟을 가능성이 높고, 3분기와 4분기에도 4%대 성장률을 기록할 것으로 예상되기 때문이다.로이터통신이 이코노미스트 70명을 대상으로 설문조사한 결과 올해 중국 성장률이 5.4%를 기록할 것으로 예측됐다.블룸버그는 17일(현지시간) 국제통화기금(IMF)의 세계경제전망 자료를 토대로 중국이 향후 5년간 세계 경제 성장을 주도하고, 중국의 기여도는 미국의 2배에 육박할 것이라고 보도했다. 블룸버그에 따르면 중국의 국내총생산(GDP) 성장률 기여도는 2028년까지 세계 총 성장률의 22.6%에 달할 것으로 예상된다. 미국은 중국의 절반인 11.3%에 불과할 것으로 전망된다.[베이징 손일선 특파원]"
전세사기 피해자들 스러져가는데…尹대통령 “찾아가는 서비스 구축”,https://v.daum.net/v/20230418174302988,"(시사저널=이혜영 기자)서울 용산 대통령 집무실 앞에 청년들의 '영정'이 나란히 놓였다. 20~30대 청년 세 명은 인천 '건축왕' 일당으로부터 전세사기 피해를 입은 뒤 벼랑 끝에 내몰렸고, 극단 선택으로 잇달아 생을 마감했다. 전세사기 피해 규모가 걷잡을 수 없이 커지자 정부는 네 번에 걸쳐 총 22개의 대책을 내놨지만, 사각지대에 내몰려 절규하는 피해자들의 목소리를 담아내지 못했다.청년 3명이 스러지고 나서야 정부와 국회는 '실효성 있는 대책' 마련이 필요하다며 일부 제도 보완에 힘을 싣는 모양새다. 이대로라면 국민 모두가 '잠재적 피해자'가 될 수 있다는 절규가 터져나온다.'사회적 재난'에 대책 없는 정부65개 시민·사회단체는 18일 '전세 사기·깡통전세 문제 해결을 위한 시민사회대책위원회'(이하 대책위)를 구성하고 정부에 피해자 구제를 위한 정책 마련을 촉구했다. 전세사기 피해는 '사회적 재난'이라며 특별법 제정이 필요하다고 목소리를 높였다.'집'을 매개로 조직적으로 이뤄지는 전세사기는 정책적 보완이 이뤄지지 않으면 개인이 피해가기 어렵고, 피해 회복 역시 현행 제도와 법만으로는 사실상 불가능 하다는 것이 피해자와 전문가들의 공통된 지적이다.정부도 그간 전세사기 범죄 엄단 의지를 밝혔고, 제도적 장치도 보완했지만 사기범 '처벌'과 예방에 초점이 맞춰지면서 실질적인 피해자 구제로 이어지는 정책 도출은 사실상 실패했다.인천 건축왕으로부터 사기 피해를 입은 청년 3명도 마찬가지였다. 이들은 전세사기를 당한 사실을 인지한 후 백방으로 피해 회복을 위해 뛰었다. 시간이 흐를 수록 명확해진 건 공장이나 직장에서 수 년간 일하며 어렵게 모은 돈 전부 또는 상당수를 허공에 날려야 한다는 사실이었다. 피해자의 지갑 속 '현금 2000원'과 문 앞에 붙은 각종 독촉장만이 가늠하기 힘든 고통에 시달렸던 청년들의 고단한 현실을 대변했다.전세사기범들은 현행 법과 제도의 허점을 노려 임차인들을 궁지로 내몰았고, 임차인들은 정부가 구축한 장치를 믿었지만 절망한 피해자들을 수렁에서 건져 올리진 못했다. 재계약시 보증금 인상률을 5%로 제한한 임대차보호법부터 최우선변제금 적용, 전세 피해 후 이사를 위한 저금리 추가 대출, 이행보증서 제도, 긴급주거지원 등이 모두 세상을 떠난 청년 피해자들에겐 허울 뿐인 정책이었다.세입자114 운영위원장을 맡고 있는 김태근 변호사는 18일 YTN 《뉴스라이더》에 출연해 ""(인천) 미추홀구 전세사기 피해는 살아 있는 세월호 같다""며 정책 변화가 없다면 더 큰 희생이 뒤따를 수 있다고 경고했다. 피해자 구제에 적용되는 여러 '기준'과 상황 타개를 위해 또 다시 '대출을 받으라'는 일차원적 해법이 이들의 탈출구를 가로막았다고 질타했다.정부, 한 발 늦은 '경매 중단' 카드로 뒷북인천 지역을 중심으로 광범위한 전세사기 피해가 확인된 후 구성된 피해자 단체는 줄곧 ▲전세사기 주택에 대한 경매 절차 중지 ▲기존 전세대출 관련 실질 대책 ▲우선매수권 보장 ▲피해 보증금 선 반환 후 구상권 청구 등을 요구해왔다.피해자들은 부동산 프로젝트파이낸싱(PF) 부실로 인한 건설사 부도 등을 막기 위해 정부가 주택을 매입해주거나, 주식·코인 등 투자자에게조차 개인 면책을 확대하면서도 전세사기 대책에는 소극적인 정부를 향해 수 차례 보완을 주문했다.윤석열 대통령과 국토교통부, 금융당국은 엄단 의지를 밝히면서도 실질적 정책 마련에는 속도를 내지 않았다. 정치권도 관련 입법을 추진했지만 상당수 법안은 아직 빛을 보지 못한 상태다.그 사이 청년 3명이 스스로 생을 마감했고, 죽음의 행렬이 있고서야 정부는 이 호소에 '일부' 응답했다. 윤 대통령은 이날 용산 대통령실에서 주재한 국무회의에서 원희룡 국토부 장관으로부터 경매 일정 중단 또는 유예 방안을 보고받은 뒤 이를 시행하라고 지시했다. 윤 대통령은 이와 함께 '찾아가는 지원 서비스 시스템 구축'도 당부했다고 한다.그러나 이미 전세사기 피해 가구 상당수가 이미 경매로 넘어간 뒤 임차인들이 퇴거 압박을 받는 등 벼랑 끝에 내몰린 상황인데다 이를 법적으로 중단시킬 수 있는 방안도 없는 상태여서 '실효성'을 두고 논란이 불거진다. 또 경매에 부쳐진 곳 중 감정가 절반 수준으로 낙찰된 곳도 많아 세입자가 보증금을 제대로 돌려 받지 못하는 사례도 속출할 것으로 보인다.대책위원회에 따르면, 지난 11일 기준 대책위에 가입된 34개 아파트·빌라의 1787세대 가운데 경매·공매에 넘어간 세대는 총 1066세대로 59.6%에 달한다. 이 중 106세대는 이미 낙찰됐고, 261세대는 매각 절차가 진행 중이다. 대책위는 미가입분을 고려하면 전체 피해 3079세대 중 2083세대(67.6%)가 경매에 넘어갈 것으로 보고 있다.윤 대통령이 언급한 '찾아가는 시스템' 역시 기존 제도 한계를 보완하는 대책이 될 수 없어 정부가 계속해서 번짓수를 잘못 짚고 있다는 비판이 나온다.안상미 전세사기·깡통전세 피해자 전국대책위원회의 공동위원장은 퇴로가 막힌 피해자들을 향한 또 다른 '검은 손'의 유혹은 현 상황에서도 계속되고 있다며 강력한 대책을 요구했다.안 위원장은 정부 대책을 ""절망스러운 수준""이라고 평가하며 이미 피해를 입은 사람들에겐 실질적 도움이 되는 정책이 사실상 전무하다고 꼬집었다. 그러면서 ""경매를 받은 꾼들이 피해자들에게 '나라에서 저리 대출을 받아 전세계약을 하자. 살던 집에 계속 살아도 된다'고 하면서 전세금을 올린다""며 ""지금은 살아남은 전세 사기 피해자가 더 걱정된다. 제도가 바뀌지 않는 한 모든 사람이 잠재적인 피해자""라고 절규했다."
"예쁜 간호사에 짧은치마?…""이래서 간호법 필요해"" 분노",https://v.daum.net/v/20230418173732813,"기사내용 요약 간협 ""간호사 직업 왜곡"" 구두사과 요구 ""간호사 인권보호 위해 간호법 제정돼야""[서울=뉴시스] 백영미 기자 = 극우 성향 전광훈 사랑제일교회 목사가 간호사를 성적으로 묘사한 발언을 해 논란이 확산하면서 간호계를 중심으로 간호법 제정을 촉구하는 목소리가 커지고 있다.18일 정치권 등에 따르면 전 목사는 지난 16일 설교 도중 “500석 규모의 복지병원을 짓겠다. 예쁜 간호사들에게 짧은 치마를 입히고 가슴도 튀어나오게 해서 성가대를 조직, 교인들이 천국에 갈 때 찬양토록 하겠다”는 등의 발언을 한 것으로 알려졌다.이 같은 발언을 접한 대한간호협회는 ""간호사의 직업을 왜곡했다""며 전 목사 측에 구두로 사과를 요구한 상태다. 현장의 간호사들 사이에서는 ""간호사의 인권을 보호하기 위해서라도 간호법이 조속히 제정돼야 한다""는 목소리도 나왔다.국회 본회의에 직회부된 간호법 제5장에는 간호사 등의 권리 뿐 아니라 인권 침해를 금지하는 내용도 담겨 있다. 간호사의 근무환경을 저해하는 행위를 인권 침해 행위로 규정해 금지시켰다.A 간호사는 ""목회자로서의 자질을 의심할 수밖에 없는 전 목사의 성희롱 발언, 변태적 사고 방식은 임종을 앞둔 노인들, 부모들을 함께 욕되게 하는 일""이라면서 ""전 목사와 같은 사고방식을 가진 이들 때문이라도 간호법이 속히 제정돼야만 한다""고 주장했다.앞서 전국보건의료산업노동조합은 전 목사의 발언을 간호사 성 상품화 발언으로 규정하고 사과를 촉구했다.의료노조는 입장문을 내고 “전 목사는 16일 설교 중 간호사를 성적으로 상품화하는 심각한 발언을 했다”면서 “간호사뿐 아니라 여성을 폄하하는 심각한 문제 발언”이라고 밝혔다.이들은 “의료 현장에서는 보건의료노동자에 대한 폭언, 폭행, 성폭력이 심각하다”면서 “4만여 명의 보건의료노동자를 대상으로 진행한 ‘2021 보건의료노동자 실태조사’에 따르면 간호사의 경우 응답자의 67.6%가 폭언을 들었다고 답했고, 물리적 폭력·물건 던지기와 같은 폭행 피해를 경험했다는 답변도 25.2%에 달한다”고 말했다.그러면서 “폭언·폭행뿐 아니라 성폭력 피해도 여전하다“면서 ""여성 보건의료노동자의 11.4%가 언어적·시각적 성폭력을 경험했으며 5.3%가 의사에 반하는 신체접촉을 경험한 것으로 나타났다”고 했다.또 “여성이 다수인 간호사에 대한 편견과 성 상품화 발언이 공개적으로 유포되고 있다는 점에서 즉각적인 사과와 재발 방지를 촉구한다”면서 “전 목사의 행보를 예의주시할 것이고 법률적인 검토를 거쳐 단호한 법적 대응에 나설 것”이라고 예고했다.☞공감언론 뉴시스 positive100@newsis.com"
"'누리호' 성공 주역들인데…""야근 · 휴일수당 못 받아"" [D리포트]",https://v.daum.net/v/20230418162407319,"한국항공우주연구원 소속 연구원 8명이 최근 '초과근로수당을 달라'며 법원에 소송을 제기했습니다.항우연 위성연구소 위성총조립시험센터에 근무하는 조합 소속 연구원 8명은 지난 14일 대전지방법원에 초과근로수당을 청구하는 집단 민사소송을 냈습니다.이들의 총 청구 금액은 지난 2019년 9월부터 산정한 3천만 100원입니다.이 센터에 소속된 연구원들은 3교대로 24시간 근무 체제를 유지하고, 토요일, 일요일과 공휴일에도 시험 일정이 계획되면 출근해서 교대근무를 수행합니다.3교대를 수행하는 연구원들은 야간근로수당과 휴일근로수당을 받아야 하지만, 항우연 측은 지금까지 이를 지급하지 않았다는 게 이들의 주장입니다.이와 관련해 항우연 측은 ""사실관계를 확인하고, 그 결과에 따라 수당 지급을 포함한 후속 조치를 실행하겠다는 입장을 노조와 청구인들에게 전달해왔다""며 ""앞으로 이들이 근무 사실을 입증할 수 있는 증빙 자료를 제출하면 이를 검증해 후속 조치하겠다""고 말했습니다.(취재 : 안서현 / 영상편집 : 동준엽 / 제작 : D뉴스플랫폼부)안서현 기자ash@sbs.co.kr"
"김진태 강원지사 ""19일 김교흥 민주당 행안위 간사 면담 예정""",https://v.daum.net/v/20230418173724810,"(춘천=연합뉴스) 이해용 기자 = 김진태 강원지사가 강원특별자치도법 개정안 논의가 국회에서 지연되는 것과 관련해 김교흥 더불어민주당 행정안전위원회 간사를 직접 만나기로 했다.강원도는 18일 오후 '강원특별자치도법 관련 입장문'을 통해 ""국회 행정안전위원회에서 4월 중 공청회를 개최하지 못해 아쉬움이 크지만, 5월 중 국회 처리 의지를 밝혔으니 약속이 꼭 이행되길 바란다""고 언급했다.또 ""이제부턴 단 한 번의 차질도 있어선 안 된다""며 ""그런 의미에서 19일 오후 2시 김교흥 민주당 행안위 간사를 국회에서 만나 적극적인 협조를 당부할 예정""이라고 덧붙였다.김 지사는 정부와의 협의도 계속 진행하기로 하고 이날 추경호 경제부총리를 만나 강원특별법 개정에 협조를 요청할 계획이다.도는 지난해 5월 국회를 통과한 강원특별법이 부실하다고 판단해 지난 2월 더불어민주당 허영 의원과 함께 전부 개정안을 발의했다.137개 조항에 이르는 강원특별법 개정안은 농지·국방·산림·환경 등 4대 규제 개선 및 권한 이양, 미래산업 육성을 위한 맞춤형 지원, 과학기술 혁신과 기후변화에 대응하는 지속 가능한 개발 추진, 교육자치 제도의 개선을 통한 국제적 수준의 인재 육성 등을 담고 있다.dmz@yna.co.kr▶제보는 카톡 okjebo"
[월가월부] 로블록스 또 폭락 … 진땀나는 메타버스게임 대장株,https://v.daum.net/v/20230418173603751,"작년 하락장에서 크게 쪼그라들었던 '메타버스 게임 대장주' 로블록스(RBLX) 주가가 올해 들어 44% 올랐지만 여전히 극심한 급등락을 반복하고 있다. 올 3월 예약 실적이 주춤했다는 회사의 발표에 주가가 하루 만에 12% 하락했다.로블록스가 인공지능(AI), 메타버스, 가상자산(가상화폐)과 연관이 깊다 보니 시장이 기업가치를 평가하는 데 혼란스러운 모습이다. 이에 회사는 더는 월별 통계를 발표하지 않고 분기별로 수치만 보고할 계획이다.17일(현지시간) 로블록스의 3월 보고서에 따르면 매출을 잘 반영하는 일일 활성 사용자당 예약 실적이 3.73~3.85달러를 기록할 것으로 전망했다. 전년 대비 2% 감소하거나 1% 증가할 수 있다는 의미다. 예약 실적은 로블록스 이용자들이 아이템을 구매하는 내역까지 반영하는 지표를 일컫는다. 이용자들은 가상화폐 '로벅스'를 통해 아바타를 꾸미고 아이템을 구입하는데, 이것이 로블록스의 주요 수입원이다. 이에 시장은 실망했고 주가는 이날 12% 하락한 40.21달러에 장을 마쳤다.로블록스는 2021년 3월에 상장된 신규 상장 회사이며 미국의 10대가 선호하는 메타버스 게임 플랫폼이다. 이용자는 크리에이터로서 콘텐츠를 생산하고 판매할 수 있다. 로블록스는 메타버스 안에서 콘텐츠 생산자와 소비자의 활동 방식과 수익 모델을 제시했다는 평가를 받는다. 코로나19로 실내 활동이 늘어나면서 로블록스도 성장했지만 지난해 자산시장 붕괴와 함께 주가가 추락했다.로블록스 주가는 작년 1년간 98달러에서 28달러로 71% 하락했고, 올해 들어 44% 올라 40달러 수준이다. 고점은 2021년 11월 기록한 134.72달러다.이날 발표한 수치 중에는 긍정적으로 해석될 만한 부분도 있었다. 3월 일일 활성 사용자가 6620만명으로 전년 대비 26% 증가했다. 지난해 말 5880만명과 비교해도 석 달 만에 13% 늘어난 것이다. 다만 2월 6730만명과 비교하면 1.6% 감소했다.이용자 참여 시간은 전년 대비 26% 증가한 48억시간에 이르는 것으로 집계됐다. 따라서 매출은 15~21% 늘어난 2억1200만~2억2300만달러를 기록할 것으로 예상된다. 미국 투자 전문 매체 모틀리풀은 ""3월 보고서는 활성 사용자 참여가 많았음을 보여주므로 그렇게 나쁘지 않았다""며 ""시장이 이 회사의 가치를 알아내기 위해 노력하는 것으로 풀이된다""고 밝혔다. 이어 ""로블록스가 월간 보고서를 더 이상 공개하지 않기로 한 데 대해 주주들은 기뻐할 것""이라고 덧붙였다.로블록스는 예정대로 월간 보고서를 발표하지 않겠다고 밝혔다. 회사는 ""우리는 그동안 사업의 계절성과 관련해 투자자에게 정보를 제공했다고 믿지만 장기적인 가치에 보다 초점을 맞추기 위해 월간 지표 제공을 중단하기로 결정했다""고 설명했다.앞서 로블록스 주가가 지표나 실적 발표에 따라 큰 폭으로 오르락내리락한 경우는 종종 있었다. 그만큼 변동성이 큰 종목인 것이다. 지난 2월 16일 월가 전망치를 상회하는 작년 4분기 실적 발표는 하룻밤 사이에 주가를 26%나 끌어올렸다. 예약 실적이 증권가 예상치를 상회하면서 주가가 상승한 것이다. 로블록스는 생성형 AI로 누구나 게임 콘텐츠를 제작할 수 있도록 하겠다는 방침이다. AI 열풍을 타고 미래 성장성을 키우겠다는 의지다. 지난 2월 대니얼 스터먼 로블록스 최고기술책임자(CTO)가 체험 제작에 혁신을 가져올 생성형 AI 도구 및 기술을 구현하기 위한 비전을 공개했다. 이어 3월 게임개발자대회(GDC) 2023에서 물질 생성(Material Generator)과 코드 어시스트(Code Assist) 등 베타 버전 생성형 AI 도구를 출시했다.정용제 미래에셋증권 연구원은 ""게임 개발 편의성이 개선된 점은 로블록스의 핵심 경쟁력인 개발자와 게임 수 확대로 이어질 전망""이라며 ""작년의 부진은 올해 초부터 반전되고 있는데 생성형 AI로 장기 성장성이 커지면서 기대감도 높아질 전망""이라고 말했다.일각에서는 메타버스의 '위기론' '거품론'을 제기한다. 메타버스가 AI에 밀려 점차 세간의 관심에서 멀어질 것이라는 우려다. 마크 저커버그 메타 최고경영자(CEO)는 지난달 14일 AI를 투자 최우선순위로 정했다고 밝혔다. 메타버스에 올인하겠다며 사명을 페이스북에서 메타로 바꾼 지 1년6개월 만에 노선을 또다시 변경하겠다는 의지로 풀이된다. 메타의 이러한 행보는 메타버스 사업의 막대한 적자 때문으로 분석된다.[박윤예 기자]"
"유동규, 그림 그리며 '5천만원' 전달 증언…재판부 ""왜 준건지 명확히""",https://v.daum.net/v/20230418173407700,"(서울=뉴스1) 김근욱 구진욱 기자 = 유동규 전 성남도시개발공사 기획본부장이 2019년 8월 정진상 전 민주당 대표실 정무조정실장에게 5000만원을 전달한 아파트 구조를 법정에서 그림으로 그렸다.최근 재판부가 유 전 본부장의 진술 신빙성에 의문을 제기하는 일이 반복되자 직접 그림을 그려 신뢰감을 주기 위한 행동으로 풀이된다.다만 재판부는 이날도 ""돈을 왜 줬는지 답을 못하고 흐리고 있다""며 유 전 본부장의 진술 태도를 지적했다.유 전 본부장은 18일 서울중앙지법 형사합의23부(부장판사 조병구)에서 진행된 정 전 실장의 뇌물 등의 혐의 공판에서 2019년 8월 여름 정 전 실장에게 5000만원을 요구 받은 사실이 있다고 진술했다.전달 과정을 묻는 검찰의 질문에 ""아파트로 올라가 초인종을 누르니 정진상이 나왔고 집안이 어두웠다""며 ""현관 왼쪽이 거실이고 정면 벽 쪽에 TV가 있었다""며 손짓과 함께 설명했다.그는 직접 ""그림을 그려서 보여드리겠다""며 법정에서 정 전 실장의 집 구조를 그리기도 했다. 이어 ""특별한 얘기 없이 돈을 쏟아 놓고 '형 나 갈게요'하고 나왔다""고 증언했다.이날 유 전 본부장은 ""위례 공모 사업을 이재명 시장에게 직접 보고했다"" ""김만배씨가 정진상을 통해 지인을 취업시켰다""는 등의 기존 진술을 반복했다.또 정 전 실장이 푸른위례 프로젝트를 통해 5억원을 성남FC에 후원하라고 지시했다고도 증언했다.다만 재판부는 이날도 유 전 본부장의 진술 태도에 의문을 제기했다.재판부는 ""이재명 시장에게 보고했다고 말하면서 디테일한 부분은 '내가 보고했는지 기억나지 않는다'고 진술하고 있다""면서 ""명확히 기억하지 못하는 것은 답을 하면 안 된다""고 지적했다.또 ""정 전 실장에게 돈을 왜 줬는지에 대해 대가성이었는지, 친분이었는지, 정치적 동지 때문인지 명확하게 답변하지 못하고 흐리고 있다""며 ""명확히 기억나는 대로 답해달라""고 요청했다.ukgeun@news1.kr"
"송영길 '돈봉투 살포' 알았나…검찰, 宋 전 보좌관에 소환 통보(종합)",https://v.daum.net/v/20230418172930531,"(서울=뉴스1) 이장호 이세현 기자 = 2021년 더불어민주당 전당대회에서 금품 9400여만원이 살포된 '민주당 전당대회 돈봉투' 의혹이 일파만파 커지고 있다.돈봉투를 받은 것으로 언급되는 현직 국회의원이 최소 10명에서 최대 20명으로 추정되면서 총선을 1년 앞둔 민주당은 비상이 걸렸다.확인된 의혹 피의자들이 송영길 전 대표 캠프 관계자들이라 송 전 대표가 '돈봉투 살포'를 인지했는지에 관심이 모이고 있다.서울중앙지검 반부패수사2부(부장검사 김영철)는 12일 윤관석·이성만 의원의 주거지·사무실 등 20여곳을 압수수색한 뒤 돈을 받은 것으로 추정되는 현역 의원들의 명단을 추리고 있다.16일에는 강래구 한국감사협회장과 강화평 전 대전 동구 구의원을 피의자 신분으로 불러 조사했다.두 사람은 송 전 대표 캠프에 몸 담으면서 금품 살포에 가담한 혐의를 받는다. 강 협회장은 자금 마련책, 강 전 의원은 전달책으로 의심받고 있다.강 협회장이 혐의를 계속 부인하면 검찰이 구속영장을 청구해 신병 확보에 나설 가능성도 있다.검찰은 송 전 대표 보좌관 출신인 박용수씨에게 소환을 통보한 것으로 알려졌다. 박씨는 윤 의원의 요청에 따라 강 협회장이 마련한 현금을 이정근 전 사무부총장에게 전달한 혐의를 받고 있다.12일 압수수색 영장에는 윤·이 두 의원 외에 강 협회장, 강 전 구의원, 이 전 부총장, 박 전 보좌관, 조택상 전 인천부시장 등이 공동 피의자로 적시됐다.영장에 적시된 피의자는 모두 송 전 대표 캠프 관계자들이라 송 전 대표 수사 가능성도 높아지고 있다.이 전 부총장이 ""오늘 이성만은 '내가 이정근 위원장을 주고 갈게. 송영길 의원한테만 말해줘' 이러더라고""라고 말했다는 녹취록과 ""송 전 대표가 '(강)래구가 돈 많이 썼냐'고 (나에게) 묻더라""고 말했다는 녹취록에 대한 보도도 이미 나온 바 있다.친이계인 7인회 소속 일부 의원이 돈봉투를 받았다는 진술을 확보했다는 보도까지 나오며 조사가 친이계로 확대될 가능성도 나오고 있다.친이계 좌장인 정성호 의원은 18일 '김현정의 뉴스쇼'에 출연해 ""정확한 사실관계는 모르지만 제 주변에서 돈봉투를 받고 전대에 개입하고 관여하고 했던 그런 것은 없는 것으로 알고 있다""고 부인했다.검찰 또한 현재 공여자 조사로 의원을 특정하는 단계에 있다며 조심스러워 하고 있다.그러나 민주당 내부에서는 프랑스 파리 그랑제콜(파리경영대학원)의 방문연구교수로 나가 있는 송 전 대표가 조기 귀국해 의혹을 해명해야 한다는 목소리가 나오고 있다.이재명 대표는 앞서 16일 송 전 대표와 통화하면서 조기 귀국을 요청했지만 송 전 대표는 22일 현지에서 기자회견을 할 예정이다.ho86@news1.kr"
[단독]  2013~2015년 이재명 시장실 CCTV 관리 비서 “근무 중 단 한 차례도 확인한 적 없다”,https://v.daum.net/v/20230418171806145,"2013년~2015년 이재명 당시 성남시장 집무실 CCTV를 관리했던 비서가 “근무 중 단 한 차례도 CCTV를 확인한 적 없다”는 취지로 성남시 자체 조사 과정에서 밝힌 것으로 확인됐다.2013년~2014년은 정진상 전 민주당 대표실 정무조정실장이 성남시청 2층 비서실에서 유동규 전 성남도시개발공사 기획본부장으로부터 4차례에 걸쳐 4000만 원을 수수 의혹을 받는 시기다.18일 문화일보 취재를 종합하면, 성남시는 최근 시장 집무실 CCTV를 두고 가짜 논란이 벌어지자 당시 시장 집무실에 CCTV 설치를 총괄한 영상정보팀장 A 씨와 CCTV를 관리한 비서 B씨(2012년 11월~2013년 5월 비서실 근무), C씨(2013년 5월~2015년 12월 비서실 근무)를 상대로 실태 조사에 나섰다. 정 전 실장의 4000만 원 수수 시점(2013년~2014년)과 비서실 근무 기간이 겹치는 C 씨는 조사 과정에서 “근무했던 2년 6개월 간 단 한 차례도 시장 집무실 CCTV를 확인한 적 없다”며 “당시 집무실 CCTV를 모니터링하기 위해선 별도 창을 띄워야 했는데, 그러면 다른 업무를 할 수 없어 사실상 켜지 않은 상태를 유지했다”고 진술했다. B 씨도 비슷한 취지로 답변했다.2011년 5월 정 전 실장 부탁으로 CCTV 설치를 총괄한 A 씨도 조사에서 “원래 청사 CCTV는 회계과에서 담당하고 관제실에서 관리하지만, 당시 비서실 부탁으로 골목·주택가 CCTV를 담당했던 영상정보팀에서 집무실에 개인용 CCTV를 설치했다”며 “CCTV는 집무실 내 업무보고용 책상 위 천장에 설치됐고, 시장 책상을 비추고 있었다. 소리는 들리지 않는 모델”이라고 설명했다. 즉 당시 시장 집무실엔 개인용 CCTV가 설치됐고 사실상 켜지 않은 상태로 유지돼 관리했던 비서조차 단 한 차례도 확인하지 않았다. 공교롭게도 당시 A 씨 지시로 집무실에 CCTV를 설치한 실무자 D 씨는 지난해 초 사망했고, 설치 직후 해당 CCTV를 관리했던 비서 E 씨(2012년 11월까지 근무)는 타부서로 전출된 후 2019년 초 퇴사했다.또 본지가 확보한 이재명 시장 시절 당시 성남시청 2층 관제용 CCTV 설치 현황 도면도에 따르면, 시장 집무실 밖 비서실엔 회계과가 담당하는 관제용 CCTV도 설치되지 않았다. 당시 2층엔 2009년 10월 이 시장 전임인 이대엽 시장이 설치한 총 14대의 관제용 CCTV가 작동됐다. 이후 2018년 8월 은수미 시장 때 관제용 CCTV 2대가 추가로 설치됐다.이와 관련, 성남시 관계자는 “정 전 실장이 돈을 받았다고 하는 2013년~2014년엔 집무실에 작동하지 않은 개인용 CCTV 1대만 운영됐고, 비서실엔 개인용·관제용 CCTV가 단 한 대도 없었다”며 “CCTV가 작동해 정 전 실장이 돈을 받을 수 없다는 주장은 사실과 다르다”고 지적했다.한편 서울중앙지검 반부패수사1부(부장 엄희준)는 A, B, C 씨에 대한 증인 요청을 검토 중이다.염유섭·김무연 기자"
3명 희생 있고서야 … 전세피해자 우선매수·정부매입 '뒷북검토',https://v.daum.net/v/20230418173009572,"정부가 전세사기 피해자가 거주 중인 주택의 경매 절차를 중단하고 경매로 넘어간 주택을 정부가 매입하는 방안을 검토하는 등 피해자 지원을 위한 추가 대책 마련에 나섰다. 전세사기 피해자들이 두 달 새 3명째 극단적 선택을 하고 윤석열 대통령도 실효성 있는 대책을 주문하자 뒤늦게 추가 지원 방안을 검토하는 것이다. 18일 국토교통부는 법무부, 금융위원회 등 유관부처와 전세사기 피해자를 지원하기 위한 추가대책 논의를 시작했다.우선 추진되는 대책은 진행 중인 경매 절차를 중지하는 것이다. 이는 전세사기피해대책위원회(대책위)가 강하게 주장하는 사안이다. 대책위는 경매로 피해자가 거주하는 주택의 소유권이 이전되면 피해자가 살고 있는 주택에서 내쫓기는 신세가 된다고 염려했다.원희룡 국토부 장관은 이날 서울 용산구 대통령실에서 주재한 국무회의에서 윤 대통령에게 경매 일정 중단 또는 유예 방안을 보고했다. 현재 피해자가 거주하는 주택의 선순위 채권자는 은행 등 금융회사다. 이에 국토부와 금융위는 피해자가 거주하는 주택의 경매 처분을 연기할 것을 요청할 계획이다. 또 한국자산관리공사(캠코)가 보유한 피해주택 채권에 대해서도 경매 기일을 연기하는 조치에 나섰다.또 다른 방안은 피해자에게 거주 중인 주택을 우선 매수할 수 있도록 '우선매수권'을 부여하는 것이다. 대책위는 주택 매입을 위한 대출 지원도 이뤄져야 한다고 주장한다. 다만 이 같은 방안은 기존 채권추심제도를 무력화시킬 수 있다는 점에서 정부도 조심스럽게 접근하고 있다. 국토부는 ""다른 이해관계자와 관계부처의 협조가 필요한 사항""이라며 ""해당 방안을 열어두고 논의하고 있다""고 설명했다.한편 정치권에서도 정부의 즉각적 대책이 필요하다는 목소리가 나온다. 박대출 국민의힘 정책위의장은 이날 국회에서 열린 원내대책회의에서 ""피해자는 경매 중단 조치와 우선매수권을 요구하고 있고 일부에서는 '선보상, 후구상' 방안도 거론하고 있다""며 ""우선 경매 중단 조치를 촉구한다""고 말했다. 이재명 더불어민주당 대표는 페이스북에서 ""전세사기는 단순한 사기 사건의 일종이 아니다""며 ""특히 이제 막 사회에 첫발을 내디딘 청년을 절망의 늪으로 빠뜨리는 중대한 민생 범죄""라고 지적했다.전세계약이 사인 간 거래로 이뤄진 탓에 기존 제도상 정부의 적극적 구제가 어려운 상황에서 '특별법 제정'이 대안으로 거론된다. 조오섭 민주당 의원은 앞서 전세사기 피해자 구제를 위한 '주택 임차인 보증금 회수 및 주거 안정 지원을 위한 특별법'을 대표 발의했다. 특별법은 캠코 등 채권매입기관이 피해자에게 임대차 보증금을 대신 지급하고 채권을 인수하는 내용을 담고 있다. 이 외에도 전세대출을 받아 보증금을 지급한 피해자는 금융권에서 적극적으로 채무 조정에 나서야 한다는 의견이 나온다.이 같은 방안은 앞서 정부가 새출발기금을 출범해 코로나19 피해를 본 소상공인의 채무 조정을 실시한 것과 흡사하다. 임재만 세종대 부동산학과 교수는 ""전세사기 피해로 대출을 갚지 못하는 피해자는 정부가 더 적극적으로 지원해야 한다""며 ""무분별하게 전세대출을 내준 금융기관과 전세시장을 제대로 관리하지 못한 정부도 손실을 함께 책임질 필요가 있다""고 말했다.정부는 경매로 넘어간 주택을 직접 매입해 세입자의 주거 안정성을 보장하는 방안도 검토 중이다. 다만 이 같은 방안은 정부가 낙찰가보다 더 높은 금액으로 주택을 매입해야만 피해자의 보증금 보전이 가능하다는 점에서 예산 투입 문제가 발생한다. 국토부 관계자는 ""경매를 진행 중인 주택을 매입하는 방안도 검토하고 있지만 예산을 써야 한다는 점에서 사회적 합의가 필요한 사안""이라고 설명했다.또 정부가 지난 대책 발표에서 피해자에게 긴급 거처를 제공하는 방안을 발표했지만 주거 안정을 보장하기에는 충분하지 않다는 지적이 나온다. 이에 따라 정부와 금융권이 함께 기금을 조성해 무이자 초장기 대출을 지원하는 방안이 필요하다는 주장 또한 제기된다. 김진유 경기대 도시교통공학과 교수는 ""피해자를 위한 구제기금을 조성해 10년 이상 무이자 보증금 대출을 제공함으로써 이들이 주거 불안정에 시달리지 않도록 해야 한다""고 말했다.한편 금융사의 무분별한 전세대출이 전세사기의 빌미를 제공하는 만큼 앞으로 전세대출 보증제도에 대한 개선이 필요하다는 지적도 나온다. 박춘성 한국금융연구원 연구위원은 최근 보고서에서 ""전세대출 보증비율을 점진적으로 축소하면 전세보증금이 여러 측면에서 위험해질 수 있음을 시장에 적극적으로 알리는 효과가 있다""고 강조했다. 그동안 보증이 있다는 이유로 금융사는 전세대출에 대한 여신심사 유인이 약하고 임차인도 손쉽게 대출받을 수 있었는데 보증비율을 축소하면 전세대출을 줄이고 가계부채도 관리하는 효과를 낼 수 있다는 것이다.[김유신 기자 / 박만원 기자 / 이지용 기자]"
"""간호조무과 만들지 마"" 간호조무사 양성기관, 중재안에 뿔났다",https://v.daum.net/v/20230418170859856,"[머니투데이 정심교 기자]대한간호조무사협회가 ""간호법상에서 간호조무사의 자격요건을 고졸로 한정하지 말라""고 주장하는 가운데, 간호조무사를 양성하는 교육기관들이 ""전문대에 간호조무과를 만들지 말라""는 주장으로 맞서고 있다. 여기엔 간호조무사를 양성하는 간호학원과 특성화고등학교에 존폐 위기를 가져온다는 이유가 포함됐다.간호조무사를 양성하는 교육기관인 전국직업계고 간호교육교장협의회, 고등학교간호교육협회, 한국간호학원협회 등 3개 단체는 18일 서울 여의도 국회의사당 앞에서 긴급 기자회견을 열고 ""간호조무사협회의 전문대 간호조무과 설치 시도를 중단하라""고 요구하며 ""여당인 국민의힘과 정부에도 공교육을 고사시키는 간호조무사 학력 요건 개정 시도를 즉각 철회하라""고 촉구했다.이는 지난 11일 정부와 국민의힘이 국회 본관에서 개최한 '의료현안 민(民)·당(黨)·정(政) 간담회'에서 내놓은 중재안에 발끈한 것이다. 당시 중재안엔 간호조무사의 학력 제한을 담은 간호법안 원안에서 간호조무사 학력 제한과 관련, 특성화고 간호관련학과 '이상'으로 수정하겠다는 내용이 담겼다. 이에 대해 대한간호조무사협회(이하 간무협)는 ""환영한다""는 입장을 밝혔다. 간무협은 11일 협회지인 간호조무사신문을 통해 낸 입장문에서 ""위헌성이 있는 간호조무사 학력 제한과 관련해 특성화고 간호관련학과 '이상'""으로 수정한 중재안이 제시된 것을 환영한다""며 ""간호협회의 일방적인 입장만 수용한 간호법안의 문제점을 해소하고, 다양한 이해관계 당사자의 의견을 반영한 중재안을 제시한 여당과 정부에 감사드린다""고 밝히기도 했다.곽지연 간무협회장은 ""간호조무사 시험 응시 자격 학력 제한이라는 위헌적 요소가 그대로 존치하고 있는 간호법은 엉터리 법안""이라며 ""간호인력 처우개선을 지향하면서도 간호사와 더불어 간호인력의 한 축인 간호조무사 시험 응시 자격 제한은 말이 안 된다""고 지적했다. 간무협은 ""당정 중재안이 제시됐음에도 불구하고, 더불어민주당이 기존의 간호법을 수정하지 않고 그대로 강행 처리하면 13개 보건복지의료연대 400만 회원과 함께 총파업 투쟁으로 대응할 것""이라고 강조했다.그러나 이에 대해 한국간호학원협회 공화숙 회장은 오늘 개최한 기자회견에서 ""간호조무사 자격을 취득한 후 일정한 임상경력과 교육을 갖추면 간호사가 될 수 있는 경력사다리 프로그램을 활용하면 간호 인력의 질과 양을 동시에 추구할 수 있다""면서 ""고등학교 졸업자가 대학 졸업장을 위해 간호조무과로 진출할 경우 기존의 간호조무사 양성기관인 간호학원 600여 개와 특성화고등학교 60여 개는 존폐 위기에 몰릴 수 있다""고 우려를 표했다.공 회장은 또 최근 한국간호학원협회에서 간호조무사들을 대상으로 진행한 전문대학 간호조무과 신설에 대한 설문조사 결과를 발표했다. 설문 조사결과에 따르면 현재 간호학원에서 단기과정(1년)으로 취득 가능한 간호조무사 자격증을 2년제 대학에서 양성하는 건 불필요한 학력 인플레이션과 과도한 교육비 낭비를 조장한다며 80.4%가 전문대학 간호조무학과가 신설되더라도 지원하지 않겠다고 응답했다.이날 김희영 고등학교간호교육협회장은 ""4월 11일 여당인 국민의힘과 정부가 간호조무사 학력 요건을 특성화 고교 간호 관련 학과 졸업 이상으로 차등을 두도록 한 것은' 간호조무사 학력 요건을 고등학교 졸업 학력 인정자로 규정한 현행 의료법에 반하는 것""이라고 지적했다. 김 회장은 ""현행법상 규정된 교육기관을 변경하려는 이런 중차대한 정책을 결정하는 데 현행법상 가장 핵심적인 간호조무사 양성기관이자 공교육기관인 전국의 직업계고 학생, 학부모, 교장단, 교사들과 전국 간호학원을 완전히 도외시한 채 이익단체에 불과한 간호조무사협회의 일방적인 의견만을 반영하는 것이 있을 수 있는 일인가""라며 여당과 정부를 질타했다.이들 3개 단체는 성명에서 ""대한간호조무사협회는 현장에서 수고하는 수십만 간호조무사의 의견을 온전히 대표하지 못하며, 전국의 간호조무사 양성 직업계고의 의견을 대변하는 기관은 더구나 아니다""고 강조했다.전국직업계고 간호교육교장협의회 정연 회장은 ""전국에서 간호조무사를 양성하는 직업계고는 59개, 그곳에서 공부하고 있는 학생은 8000여 명에 이른다""며 ""현행 의료 관리 체계에서 간호조무사의 양적, 질적 수준에 문제가 있다는 말은 들어보지 못했다. 국회에 발의된 간호법의 간호조무사 자격 기준은 현행 의료법과 동일하다. 그런데도 정부.여당은 어떤 연유로 간호법 중재안에 간호조무사 자격 기준을 '고졸 이상'으로 슬쩍 바꿔 넣으려 하는가""라고 따졌다.정심교 기자 simkyo@mt.co.kr"
[내일 날씨] 낮부터 기온 '따뜻'…최고기온 29도,https://v.daum.net/v/20230418172301335,"[머니투데이 홍효진 기자]수요일인 내일(19일) 낮부터 기온이 올라 따뜻한 날씨가 이어지겠다.18일 기상청에 따르면 내일 낮부터 기온이 올라 내륙을 중심으로 기온이 25도 이상 높은 곳이 많겠다. 다만, 일교차가 15도 이상으로 벌어져 건강관리에 유의해야겠다. 중부지방은 대체로 맑겠고, 남부지방은 가끔 구름이 많겠으나 남해안과 제주도는 대체로 흐리겠다.오늘 저녁부터 내일 오전 사이 전국(강원 동해안, 경북 동해안 제외) 대부분 지역에 가시거리 200m 미만의 짙은 안개가 끼는 곳이 있겠다. 그 밖의 지역에도 가시거리 1㎞ 미만의 안개가 끼는 곳이 있겠다. 남해안에는 오전까지, 제주도에는 낮 시간대 비가 오는 곳이 있겠다.서해상에서 동쪽으로 이동하는 고기압의 영향을 받겠고, 동해안에는 너울이 유입돼 높은 물결이 갯바위나 방파제를 넘는 곳이 있겠으니 시설물 관리와 안전사고에 유의해야겠다. 이날 아침 최저기온은 7~16도, 낮 최고기온은 17~29도로 예보됐다.주요 도시 예상 최저 기온은 △서울 12도 △인천 11도 △춘천 9도 △강릉 12도 △대전 13도 △대구 14도 △전주 15도 △광주 16도 △부산 15도 △제주 17도다.예상 낮 최고 기온은 △서울 27도 △인천 22도 △춘천 27도 △강릉 21도 △대전 29도 △대구 28도 △전주 28도 △광주 25도 △부산 20도 △제주 23도다.홍효진 기자 hyost@mt.co.kr"
