title,comment
기념일에 최적화,"기념일에 가기 좋은 식당입니다.서빙이 매우 만족스러웠으며, 매장의 분위기도 좋습니다. 맛도 물론 좋고요. 커트러리도 신경써서 제공하는 점이 좋았습니다."
'서울미식탐방' 하면 가장 먼저 떠오르는 곳,미슐랭 2스타 한식당. 예약없이는 먹기 힘든 정식당이다. 임정식 셰프님의 정성이 담긴 코스요리는 아뮤즈부쉬 / 에피타이져 / 라이스 / 메인요리 / 디저트 순으로 제공된다. 필자는 Lunch 5 Course 에 김밥을 추가해서 먹었는데 눈과 입이 매우 즐거운 시간이었다 ;) 뉴욕에도 지점이 하나 더 있는데 뉴욕에 방문하면 그곳에도 들러보고 싶을 정도로 추천하는 맛집이다!
특별한 날 이곳,음식이 코스 시간은 대략2시가정도~ 한번쯤 가볼만 한 곳 하지만 가격은 좀 되는 부분이라. 특별한 날 특별한곳을 간다고 생각하고 가면 좋을듯
양이 너무 적어요!!!,"양이 너무 적어요. 두사람 런치 5코스 먹었고 한명은 기본으로 먹고 한명은 물회-랍스터-한우로 업그레이드 해서 먹었습니다. 맛있는 김밥 2개 추가하고 탄산수 마셨는데 30만원 조금 넘게 나왔어요. 아뮤즈부쉬는 정말 맛있었어요. 감칠맛 폭발!하지만 다 먹고 나왔는데 허기지는 느낌. 메인요리든 비빔밥이든 양을 좀 늘려주셔야할거같아요. 최소한 배는 불러야하는게 아닌가 싶네요. 랍스터, 한우는 별로 추천하지 않아요. 농어와 이베리코가 훨씬 맛있습니다. 문어보다 물회가 더 맛있구요. 하지만 양이 적어요!!!양 좀 늘려주세요. 양 늘어나면 재방문 의사 있어요! 집에 오는길에 쉑쉑버거 지나치면서 햄버거 하나 먹을수있겠다. 농담하면서 왔어요."
디너로 방문한 정식당은 정말 상상 그 이상,디너로 방문한 정식당은 정말 상상 그 이상이네용~~ㅎㅎ 매장이 완전 호텔 라운지 분위기라 더 놀랐어용 ㅎㅎ 플레이팅 진짜 아트고 와인페어링 했을 때 받은 서비스도 감동~! 기념일에 가시면 만족하실거에요 ㅎㅎ
특별한 날에 방문하면 좋을 곳,음식 하나하나가 독특하고 특이해서 즐거운 경험을 할 수 있는 레스토랑입니다. 다음번에도 다시 방문하고 싶은 생각이 듭니다.
"외국인친구 데리고 가도 좋고, 부모님도 좋아하셧고","외국인친구 데리고 가도 좋고, 부모님도 좋아하셧고 같이 간 사람들 모두 좋아했어요 예전에 작은 레스토랑부터 갓는데 언제나 맛잇어요"
예약,예약하려고 몇주전부터 예약했던 곳이었는데 음식이 정갈하고 레스토랑도 깔끔해서 너무 즐거운 식사 마치고 갔어요ㅎㅎ
최고의 서비스와 맛,친구들과 디너코스를 먹었는데 좀 천천히 나와서 감질맛 났지만 정말 맛있었어요. 특히 농어!ㅠㅠ 서빙해주시는 분들도 너무 친절했구요. 또 가고싶어요
드디어,정식당을 드디어 방문했었네요.리뷰는 좀 많이 늦었지만 음식이 너무 맛있어서 꼭 올리고 싶었네요. 예약하기도 쉽지않았는데 보람있어요.
최고에요,"퓨전 코리안 파인다이닝을 여기저기서 먹어봣지만 정식당만한 곳은 아직 찾지 못했어요. 정말 훌륭한 곳이고, 외국에서 친구들이 오면 지체 없이 이곳으로 데려갑니다"
"워낙 평이 좋아서 가봤는데, 역시는 역시더라구요~","외국 여행객뿐만 아니라 한국사람들에게도 강력하게 추천 드립니다. 처음부터 끝까지 음식, 디저트 만족스럽지 않은게 없었어요~ 런치에 예약을 하고 갔었는데 이 가격이라면 가성비 좋다! 라고 자신있게 얘기할 수 있습니다^^ 지금도 지인들에게 추천을 많이 하는곳~~!"
모찌리도후 맛있어요!,"고기먹으러 갔었는데 사장님이 모찌리도후 추천해주셔서 같이 먹었어요 맛있었어요~ 사장님이 원래 일식집 주방에서 오래 계셨던 쉐프라고 들었는데, 확실한지 모르겠네용 ㅎㅎㅎ"
좋은 경험이었습니다.,"가족 기념일에 방문했습니다. 음식, 직원분들의 응대와 설명 등 모든 요소가 만족스러웠습니다. 미슐랭 2스타임에도 상대적으로 경제적인 면도 좋은 평가에 한 몫 했습니다. 다만 개인 차량 이용과 관련해선 토요일 점심시간의 특성상 주변 및 카페로 운영되는 1층은 매우 복잡했습니다(1시간 반 초과시 발렛 주차 비용 4,000원)."
완성도가 점점 올라가는 느낌,방문할 때마다 점차 완성도가 올라가는 느낌입니다. 유일한 단점이였던 약간의 답답함도 이제 레노베이션이 끝났으니 개선되려나요? 조만간 다시 한번 방문하겠습니다.
맛있는,미술랭 2스타답게 음식 완벽함!!! 시그니쳐코스는 은근히 배부릅니다. 전체적으로 깔끔. 후식은 보기에 에쁜 건 돌하르방이지만 제만 제일 맛있는 건 마약 옥. 놀라운 식당. 다시와 것이다
너무 비싸요.,미슐랭 2스타의 위엄은 있지만 기본으로 제시된 요금에 + 메뉴별 추가 차지까지 넉넉히 예상하고 가야 하는곳입니다. 메뉴 선택 범위를 좀 줄였으면 좋겠어요. .
한국 파인레스토랑의 시작,"한식 파인레스토랑의 잔뼈가 굵은 정식당. 항상 즐기기에 너무나도 재미난 구성의 음식들이 항상 호기심에 찾게 된다. 역시 기대에도 부흥하는 음식, 맛, 서비스"
친구들과 모임하기 좋은 장소,"예약하기 힘들었지만 그정도 수고는 할 만한 곳. 주말 점심에 2층 룸은 거의 full이었고, 문을 열면 다른 룸에서 크게 대화하는 소리들이 들리지만 문을 닫으면 방음도 잘되어 조용히 모임할 수 있는 공간임. 음식도 정갈하고 평소에 접하지 않는 독특한 메뉴들이라 가볼 만한 가치가 있음."
가족과 함께 식사,한국요리도 이렇게 양식처럼 먹을 수 있는거란 걸 알게 해준 정식당입니다. 눈으로 즐겁고 입으로 맛을 볼 땐 오묘하기까지 한 요리들로 다음에 무었이 나올까 기대가 됩니다. 덕분에 가족들과 즐거운 시간이 되었습니다.
서비스 및 음식 좋았습니다.,"굉장히 고급지고 맛 또한 괜찮았습니다. 메인식사 또한 괜찮았고, 우리나라 미슐랭에 걸맞은 느낌 과 메인 음식에 곁들여지는 소스 또한 인상적이었습니다."
괜히 미슐렝 2스타가 아니다....,고급스러운 분위기에 정갈한 맛....한식의 세계화에 앞장서는 이 곳...서양 사람들이 부담없이 즐길 수 있는 퓨전 한식당
디너모임,식전 에피타이져 음식들부터 기대감 상승시키고 메인 코스는 격식있는 분위기로 손님의 자존감을 상승시켜주는 서비스가 최고였다.우리나라 미슐렌은 기대가 안된건 사실.정식당이 그 기대를 저버리며 몇 안되는 미슐렌 식당에 예약을 부추겼다. 가족들과 재방문 예정이다.
건강해지는 맛,식재료의 맛을 최대한 살린거 같았어요특히 국밥은 정말 건강해지는 향과 함께너무 맛있게 잘먹었어요단 한가지 아쉬운건 나이프가 잘 안들었고요국밥에 같이나오는 숟가락이 불편했어요일부로 데지 말라고 저런 디자인으로나온거 같긴한데 먹기는 불편하더라고요음식은 참 맛있었어요
발전이 없는 식당.,"음식이 그렇게 맛있다고 할수는 없고. 가격대비 괜찮긴 하지만 1회이상 방문할 것 같지는 않습니다. 룸 예약하여 방문, 맛도 그저 그랬습니다."
미쉐린 스타의 위엄,"연말에는 예약 자체가 어려운 곳. 그러나 특별한 경험을 원한다면 꼭 추천하고 싶은곳. 코스요리가 주인데 나오는 음식 모두가 예술작품이며 맛 또한 일품이었다. 가격만큼의 값어치를 충분히 하는 곳. 연인, 가족 기념일, 비즈니스 목적 모두 만족시킬 수 있는 곳. 메뉴는 계절마다 조금씩 변동이 있으며 알러지 음식이 있다면 미리 얘기해 조절할 수 있다."
돌하르방 디저트가 인상깊었어요,런치에 예약하고 방문했습니다 ^^ 전체적으로 맛이 깔끔하고 너무 맛있었습니다. 특히 성게알비빔밥이 맛있었습니다~~
맛있어요,맛있어요 친절하고가격이 조금 나가지만 만족합니다이번에 미슐랭 투스타에도 올랐던데 앞으로 발전하는 식당이 되었음 좋겠어요
정성 이 안 느껴지는 정식당,음식이 주인이 없다는 생각이 들엇읍니다. 것 멋만 부리고 맛은 속 빈 껍데기 뿐. 안테리어도 매력없음.
서빙과 서비스질이 좀 더 세심해야,"고객과 저녁을 이용.맛이야 명성답게 실망시키지 않습니다.다만 서빙하는 분들의 수준이 균일하지못하고, 음식 설명에 뭔가 쫓기는 듯 외우면서 급하게 말하는 자세. 그날의 메뉴에 대한 정확한 숙지가 필요.해외에서도 미슐랭 2개정도 가면 가장 많이 차이 나는게 스태프들의 자세인데 정식당은 이 부분을 좀 더 자연스럽고 세련되게 서비스하는 디테일을 챙겨야할 듯."
가격에 합당한 것인지?,"미슐랭에 선정되기 전, 런치로 방문하였었고 그때엔 정말 가격 대비 놀라운 퀄리티의 식사였기에 대단히 좋은 인상을 가지고 디너로 최근 재방문 하였습니다.물론 맛은 수준급이고 플레이팅의 예술성은 대단히 뛰어납니다.하지만 10만원이 넘는 코스 가격에 비해양과 질, 모두 이전보다 퇴보하였다는 인상을 강하게 받았습니다.질이 좋다고는 하지만 10만원짜리 코스의 메인 요리가 저렇게 적은 보쌈 (심지어 3인분) 이라니, 믿기지 않았습니다.초심으로 돌아가시길 바랍니다."
한식의 아름다움과 세프의 창의력이 멋진곳,메뉴 하나하나 다 한식을 기본 베이스로 했지만 독특하게 조금씩 색다른 플레이팅과 맛이였어요. 직원들도 너무 친절했구요 하나하나 차준히 설명해주셨어요. 친근한맛에 색다른 플레이팅이 너무 맘에들었습니다.
꽤 괜찮은,가끔 모임으로 방문. 하지만 괜찮지만 큰 임팩트는 없는 파인다이닝. 한번쯤은와 볼만 하지만 두번이상의 방문은 .. 글쎄 ..
미슐랭 가이드 3스타 식당ㅇ,한국의 식문화를 업 그레이드 하는데 일조를 한 정식당.우리의 문화와 요리를 잘 융화 시켜 세계적인 식문화로 발전 시켜 주신데 대해 개인적으로 참 고맙게 생각 합니다.식당을 운영하는 오너와 스텝들의 열정과 기능을 다시 한번 감사히 생각합니다.말이 필요 없는 새로운 고전 식문화를 재해석한 맛이 가히 일품인것 만은 사실입니다.
스페셜한 만찬,친구들과의 모임으로 이용.하나하나 정교하게 정성이 느껴지는 음식들과 고급스러운 분위기 편안한 서비스가 인상깊었음
대학동기들 모임- 한 번쯤은 갈만한,"대학동기들 모임을 6개월 간격으로 두 번 여기서 했습니다. (4명, 5명)좋은 것부터 나열하면 플레이팅 및 서비스 > 맛 > 분위기> 가격 순이네요.회비로 결제해서 정확히 얼만지는 모르겠는데 인당 15~20 사이의 정식을 먹었고, 두 번 다 같은 코스였는데 계절이 달라서 그런지 음식의 변화가 좀 있더군요.한국적(?) 한식을 기대하고 가면 좀 실망할 것 같고, 외국인들 데려갈 수 있는 맛있고 고급스러운 한식.을 기대하면 딱 좋습니다. 맛있으나 너무 맛있지는 않고, 약간 특이하나 많이 특이하지는 않아서... 다음번 모임은 다른 데서 하기로 했네요.외국인 손님 있을 때 추천드리고 싶습니다."
눈도 입도 즐거운 곳,작품같은 식사 플레이팅에 그릇구경에 행복했답니다. 마지막 디저트까지 즐거운 식사 하고 왔네요.
고객과의 미팅,"서빙은 매우 정중하고 깔끔합니다. 그럼에도 식탁 배치 간격은 조금 좁다고 느꼈습니다. 고객과 매우 조용한 대화를 자유롭게 하기에는 다른 테이블과 가깝다고 느꼈습니다.전반적인 음식의 질은 높았으나, 가성비에 대해서는 여전히 의문을 갖습니다. 오히려 음식이 비쥬얼이 너무 약하고 양도 적어보여 처음에는 고객앞에서 실망할까봐 당황하게 됩니다. 그러나 주는것 다 먹다보면 배불러집니다. 전혀 한식 같은 기분은 안듭니다.손님의 취향과 방문의 목적에 따라 호불호가 많이 달라질 것 같습니다. 저는 개인적으로 푸짐한 비쥬얼을 선호하다보니 널리 추천하기는 어려울 것 같습니다. 방문의 목적과 함께하는 분들의 취향을 잘 고려해서 가시는 것이 좋을 듯합니다."
두번은 안갈거 같아요.,(2015년도에 다녀왔습니다)가족끼리 유명하다 해서 한번 가봤는데요.두번은 안갈거 같아요. 맛이 없지는 않은데 특출나게 맛있다는 느낌은 못 받았어요. 색다르다 음 이런 맛이구나 정도? 아마 저희 입맛이 고급지지 않아서 그럴수도 있어요ㅋㅋㅋ결론적으로 저희 가족 생각은 경험상 한번정도 오는 것은 좋을것 같다 입니다.
정식당~,임정식 쉐프님이 계시다는 유명한 정식당입니다. 런치를 먹으려고 예약까지 하고 들렸습니다.같은 건물에 정식당과 바 정식이 같이 있어요
좋으시간....,"식사는 사람들에게 장소와 시간에 따라서 느낌이 다르다.특히, 누구와 어디서 함께 식사하는것이 다른 느낌이다.이곳은 그래도 편하게 좋은 사람과 식사...맛난 음식,,,,,한번 가보셔도 좋을 뜻......."
특별한 순간 기억에 남는 음식을 먹고 싶다면.,"미술랭 가이드 1에도 오른 고급 레스토랑. 2층은 일반 좌석, 3층은 룸으로 구성되어 있다. 창가쪽 자리를 잡으려면 일찍이 예약을 해야하고, 물론 창가가 아니라 일반 자리를 잡으려해도 예약을 해야 원하는 날 원하는 시간에 식사가 가능하다. 요리 하나하나가 정성이 가득하고 맛갈나다. 맛도 놓치지 않는 품위있는 레스토랑."
너무 맛있어요!!,미슐랭 선정 레스토랑이라 기대를 하고 가족끼리 갔는데 너무 좋았어요!부모님도 만족하셔서 다음 외식때도 생각해보고 있어요!!
맛있고!! 서비스도 좋아요!!!! 추천합니다.,"런치로 갔는데, 가격이 비싸다곤 하나 정말 맛있는 집이어서 꼭!!! 추천합니다^^특히 생선구이가 너무 맛있어요!!!추가금액내고 스테이크 드시지 마시고 생선구이 드세요 ㅎㅎㅎㅎ랍스터, 스테이크 다 먹어봤지만 생선구이가 젤 맛있었어요~~~ㅎㅎ그리고 서비스가 굉장히 좋고,,, 시간을 두고 편안히 먹을 수 있는곳이에요^^"
맛있네요 추천해주신만큼,생각보다 맛있어서 잘먹고 왔습니다. 여기저기 안돌아다니고 한군데 머물러 있기를 좋아하는데 여기가 그런곳 같아요 다음에 또 올께요
외국인 한테 보여주기 좋은 한국 래스토랑,외국인 한테 보여주기 좋은 한국 래스토랑이다 단지 예약을 최소 15일전에 해야하는 단점과 미슐랭 레스토랑 금액 많이 사악하지만 외국인 한테 자랑 할 수 있는 레스토랑
"정갈한 한식당 입니다, 가격은 비싸요","저렴한 가격은 아니지만 깔끔함, 정통한식은아닌 퓨전 한식이라 한국사람도 생소한 음식들 이지만 맛있음, 단점은 가격이 비싼편"
깔끔한 한식퓨전코스요리,한식을 코스로 풀어낸 퓨전요리라 할수있다. 분위기가가 조금 경직되어있다는 느낌을 받았다요리에 대한 설명이 조금더 부드러운 분위기에서 이루어지면 좋을것같다손님접대에는 좋을듯하나 친구나 가족과 가기엔 가격대도 높고따뜻한 분위기는 아니라 생각해 보아야할것같다음식수준은 좋은편이다
분위기는 좋은,중국 손님이 좋은 한국 식당을 가고 싶다고 해서 잡은 레스토랑. 좋긴하지만 금액도 비싸고 예약하기도 하늘에서 별을 가져 와도 힘든곳 ㅠㅠ 지금 잠시만 그럴 건지 쭉 그럴건지 지켜 봐야겠다. 맛은 있다 하지만 이금액을 주고 맛없으면 안될 것 같다
서울 대표 퓨전,분위기가 더 따뜻했으면좋겠다.뭐랄까 식사전 분위기가 편안한 분위기가 아니다.인테리어를 말하는거다. 직원들은 친절하고 설명도 잘해준다.하나하나 손이 많이간 요리같지만 깊은맛을 느끼기엔 좀 아쉽다.이쯤에서 고객이 더가보고싶은 식당이 되기위한 고민을 해야한다고 생각한다
"코스요리, 기대 이상!","들어가는 순간부터 서비스는 나를 편안하게 해주었다. 요리에 대한 부가 설명이 끝까지 명확하고 간결하게 이루어 졌으며, 나의 분자요리에 대한 안좋은 인식을 깨 주었다."
한번쯤 가볼만한 곳!,"아기자기한 플레이팅이 돋보이고 돌하루방 아이스크림 등 창의력인 디저트도 선보이는 곳입니다. 한번쯤 가볼만한 곳으로, 화이트 무드의 레스토랑 분위기는 여자분들이 충분히 좋아할 법 합니다~"
중요한날 가기좋은 식당,부모님 결혼기념일에 다녀온 정식당항상 사람이 많은 곳이라 3주전 미리 예약을 하고 다녀왔습니다.뉴욕에선 미슐랭 2스타를 받은 쉐프가 하는 곳이라 더욱 신뢰가 갔습니다.가보니 맛도 좋았고 서비스도 최고였습니다.기념일이라고하니 사진과같이 소소한 이벤트도 해주고 좋은 추억이 되었습니다.
"퓨전 한식당....비싸다, 비싸보인다, 맛은 글쎄","교수들이 학위심사턱으로 주로 간다는 정식당. 여기도 여지 없이 김영란법 적용으로 조만간 문 닫을 수도 있을것 같다는. 꽤 고급스런 음식 프리젠테이션때문인지, 대접받는다는 느낌이 들었다. 퓨전 음식이라, 비교대상이 없어서 맛있다 말하긴 좀 거시기하다. 다만, 맛없진 않았다. 새로운 형식의, 모양의, 스타일의 한식이었다고나 할까. 이곳은 절대 맛으로 가는 곳은 아니다. 상대에게 대접했다는 느낌을 줘야만 하는 상황이 아니라면 굳이 내 돈 주고 날 위해 갈것 같지 않다."
두번 이상 가기에는 망설여지는 곳,방대한 와인리스트 (다 있는지는 모르겠으나)직원들의 서비스 질도 나쁘지 않고..플레이팅과 맛도 정갈합니다만......두번째가니 모든 느낌이 절반으로 줄어드는 곳이군요.
가격에 비해 만족도는 낮은곳,"8월초 토요일에 런치메뉴를 먹었습니다. 주말은 예약이 늘 차있어서 약 3주전에 예약해야 갈 수 있었어요. 총 5가지 코스가 나왔고 평소 싱겁게 먹는편도 아닌데 간이 짜다는 느낌이 상당했네요. (4코스,5코스 중 선택할 수 있습니다.)서비스는 딱딱하고 건조했어요. 정말 안좋았던 기억은, 마지막 디저트였던 파이를 포크로 가르는 순간 엄청 긴 머리카락이 나왔습니다. 일행이 파이를 시켰고 저는 돌하르방 아이스크림을 선택했는데 만약 제 아이스크림에서 그런것이 나왔다고 생각하면... 엄청 화가 났을겁니다.컴플레인은 아니고 그냥 조용히 말씀 드렸는데 죄송하다고 다시 만들어드리겠다고 그 한마디로 모든 상황이 종료 되더군요.뉴욕에서는 2스타 미슐랭이라고 들었는데 서울의 정식당은 아닌것 같네요. 그런 일이 있었는데도 디저트에 대한 모든 비용이 청구된건 저로썬 이해가 되지 않습니다. 그리고 결제할때 그 부분에 대한 언급이 단한번도 없었다는게 저는 놀라울 따름이에요... 그냥 작은 이물질이었다면 말도 안하죠. 레스토랑 입장에서도 다떠나서, 참 부끄러운 일이지 않을까요. 마지막 디저트 건을 떠나서 둘이 런치 5코스를 먹고 총 24만원이 나왔는데(투뿔등심과 랍스터를 선택해서 추가요금이 발생한 부분은 있어요) 과연 그 값어치가 있나 몇번이나 생각해봤지만 개인적으로 저는 전혀 아닌것 같아요. 참고로 일행과 먹은 메뉴가 전부 같았으나 딱 하나 다른건 성게비빔밥이었는데 그날 배탈이 심하게 낫네요... 물론 그것 때문이라고 장담할수는 없지만 더운 여름철 충분히 의심은 갈만 했습니다. 주방 바로 앞에 위치했던 저희 2인석 테이블은 자리가 너무나 비좁았고 가방을 놓을 곳 하나 챙겨주는 배려 또한 없었습니다."
음식은 훌륭하나 플러워서비스가...,와인 페어링으로 저녁 메뉴를 4명이 즐겼습니다.와인 페어링은 잔으로 음식에 맞추어서 서빙이 되는데 좋았습니다.다만 남자 소믈리에 분이 조금 기계적이라할까 서빙에 즐거움이 없으시더군요.그리고 음식 하나 하나와 페어링은 했었겠지만 코스를 먹으면서 페어링을 했을까?하는 의구심이 들었습니다. 손님에게 즐거움을 주지 못하면 무슨 소용이 있을까요.음식은 훌륭하고 창의적입니다. 다만 메뉴의 큰 변화가 없어서 많이 방문을 하여도1년에 2번정도 밖에 방문하지는 않을 듯 합니다.플로워 서비스 메니저님은 관록이 있으시고 매우 세련된 서브를 하셨고 부메니저로 보이는 여자분도 서브는 나쁘지 않았지만 아르바이트로 보이는 분의 서빙은 아쉬움이 컸습니다. 그래도 한국 서울에 이런 레스토랑이 있다는게 어디인가 싶은 생각이 듭니다. 조금 더 직원 교육을 통해서 세련된 다이닝 레스토랑이 되었으면 합니다.
특이한 한식 느긋하게 즐기기,한식이지만 한식같지 않은...코스요리로 빵부터 후식까지 제공됨. 가격대는 좀 있지만 만족스러운 맛과 서비스로 상쇄가능. 식당도 한적하고 공간을 넓게 써서 느긋하게 식사하기에 안성맞춤. 도산공원 근처임.
two thumbs up,뉴욕에서 미슐랭 2스타를 받은 정식당그 한국 본점을 방문했음한식 재료로 다양한 식감을 살린 것이 새로웠으며메인에서는 식자재는 한국에서도 자주 사용하는 재료들을 가니쉬로 활용했지만메인 재료는 전통적인 양식 조리 방식을 따라서새로움과 안정을 함께 한 접시에 담았음미슐랭 스타급 레스토랑을 많이 가보지는 못했지만추천할 만한 곳임다만 시즌별로 바뀌는 메뉴의 폭이 크지 않아여러번 방문할 만한 것인가는 의문이 있음
모던 한식의 대표주자,한식과 웨스턴의 경계를 허문것인지 불분명한 것인지 딱 집어말하기는 어렵지만한식에 근접한 새로운 해석을 통한 미각에 즐거움을 주는한번쯤 가볼만한!
깔끔하고 무난합니다.,공간이 좁은 감은 있습니다 인테리어가 크게 세련되지 않습니다 식단보가 가죽 비슷한 건데 좋게 생각되지 않았습니다 하지만 음식은 좋았습니다 .
외국인 추천 식당,음식 서비스 모두 만족 할만한 레스토랑이다한식의 세계화에 노력하는 모습이 그대로 음식에 보여진다다만 화장실은 바빠서 많은 사람이 사용해서 그런지 지져분 했다
lunch menu is nice for reasonable price..,점심 메뉴가 reasonable 한 price에 맛있는 요리를 먹을수 있어 좋아요..삼겹살 요리가 참 맛있어고..무엇보다계절에 따라 달라지는 디저트 메뉴가 너무 예뻐요..음식자체는 뉴욕 지점이 좀 더 세련된듯 합니다.
함박 맛있었어요,점심시간에 갔는데 함박스테이크 예쁘게 나오기도하고 맛도좋았어요. 테이블이 적어서 점심시간에는 줄 서야하는듯해요. 맛있었어요
"음식 데코가 참 예쁘고, 맛도 좋아요.","남친과 6주년을 기념하기 위해서 미리 예약해서 그런지 자리를 창가자리로 배정해주어서 좋았어요. 그리고 매번 메뉴가 나올때마다 자세히 설명해주어서 보다 음식을 맛있게 먹을 수 있었어요. 그리고 음식들 데코가 정말 아기자기하니 참 예뻐서 먹기 아까울 정도였어요. 특히, 정식당의 디저트 중 돌하르방은 참 인상깊었어요ㅎㅎ코스 중 가장 맛있게 먹은건 초리조 김치 빠에야였어요. 김치에 치킨 크루통을 넣어서 바삭바삭하니 식감도 좋고, 적당히 매콤하고, 밥도 촉촉해서 정말 만족스러웠어요. 다음에도 기념일에 또 방문하고 싶어요."
눈으로 먹고 입으로 먹고..,눈으로 한번 먹고 또 입으로 한번먹는 음식이었습니다.먹기 아까울 정도로 너무 예쁘게 만들고 맛있었습니다.서버분께서 음식에 대한 설명도 해주어 먹는 음식에 대해 조금 더 알 수 있었습니다.가격은 조금 있지만 특별한 경험이었습니다~!!
아주 맛있은 한식레스토랑,연말 송년회 겸 식사하였습니다.음식이 고급스럽고 스테이크가 아주 맛있습니다. 지금까지 먹던 것 중 최고네요.와인 추천 받아 마셨는데 와인도 맛있었어요.가격은 비싸지만 다음에 또 오고 싶어요.
정식바 이후 정식당 방문,어버이날을 맞아 정식당 저녁을 가봤습니다.한식을 이렇게 정갈하게 해주면서도 디자인이 들어가게 해주는 곳은 여기밖에 없다고 생각됩니다.물론 가격이 착하진 않습니다.다만 맛은 너무도 훌륭하고 깔끔합니다.
창의적이며 극상의 맛을 자랑하는..!,음식의 기발함. 맛. 인테리어까지 대한민국 톱 레스토랑 중 하나임은 분명한듯요! 런치두 5만을 넘어가는 고가지만 한번쯤 경험해볼 가치가 충분하니 한번씩들 즐겨보세요!
고급스러운 식당,퓨전한식은 처음먹어봤는데 분위기도 좋고 접근성도 좋고 특별한날 오면 좋은곳이예요.문어가 특히 맛있네요
특별하면서도 점잖은 식사를 즐길 수 있는 곳,"한식이라고 하면 일반적으로 수많은 접시에 한상차림이 나오지만, 정식당은 한식이라고 하면 떠오르는 그런 전형적인 이미지와는 상당히 다르다.특별한 사람들과 먹는 재미와 보는 재미를 동시에 즐길 수 있는 곳."
특별한 날을 위해 추천,한식이라고 하면 한정식만을 떠올리기 쉬우나 모던한 한식을 즐길 수 있는 곳이었어요가격대는 좀 하지만 꽤 괜찮은 맛과 분위기를 제공합니다한식을 새롭게 맛볼 수 있는 곳이었습니다.
모던 한식을 즐기는 곳,보는 재미가 매우 큰 곳. 한식과 트렌디한 재료들이 모여 먹는 재미도 꽤 있는 곳. 모임이나 이벤트가 있는 날 가면 좋을 듯 해요.
한번쯤 가볼만한 곳,"소문 듣고 한번 가봤는데, 한번쯤 가볼만하더라구요. 가격대는 좀 있지만, 먹는재미도 있구요. 그리고 저는 아이러니?? 하게도 디저트가 제일 맛있었네요 ㅎㅎ"
서비스 엉망,미슐렝 2 스타 쉐프 식당이 서비스의 수준은 놀라울 정도로 후진적. 점심으로 5만원 이상을 쓰는 모임이라면 음식 수준에 걸맞는 서빙 서비스를 갖춘 다이닝 경험을 주어야 하는데 여긴 파인 다이닝을 위해 갈 곳이 아니다. 인테리어도 특별함이 없고 방의 온도 조절도 좋지 않아 겨울인데 지나치게 더웠다. 주문받는 웨이터는 무뚝뚝했고 찻잔을 치워달라는 부탁에 웨이트레스는 후식으로 먹을 차를 미리 마셨으니 리필이 안된다는 말로 다이닝을 시작하기도 전에 모두를 불쾌하게 했다. 그 잔으로 끝까지 마셔야 한다는 것처럼 치우기를 꺼려 하기까지 해서 깜짝 놀랐다. 좋은 목적으로 모인 사람들이 언성 높이고 얼굴 붉히기 싫어서 식사를 마치고 나왔지만 창의적인 음식도 후진적 서비스와 환경 탓에 잘 먹은것 같지가 않았다. 어른들 모시는 중요한 인사 자리라면 정식당 비추한다.
비싸지만 분위기는 좋음,비쌉니다... 자주갈만한 식당은 아니구요. 퓨전음식을 팔면서도 분위기는 정말 좋습니다. 특별한날 전통한식이 아닌 퓨전음식이 먹고싶을때 가기에 좋습니다~
정식당,회식으로 갔는데 모두 만족했습니다.깔끔하고 정갈하면서도 맛있는 음식에 개인적으로도 한번 다시 방문하고 싶네요.이맘때쯤 합천은이라는 디저트가 기억에 남네요
맛있는곳,가격대가비싼아주고급스러운식당입니다물론맛도좋고분위기도너무맘에들고전통한식이아닌퓨전음식이라맘에듭니다
Service는 개선이 필요하다.,정식당의 음식은 훌륭하다고 생각한다. 아주.....한국 레스토랑들이 게으른 메뉴의 계발도 꾸준한 편이다하지만 서비스는 원스타도 되지 못한다고 생각이 든다 . 인테리어도 좀 그런 편이다.이 정도 레스토랑에서 한 방에 여섯 명에게 세명에게 먼저 서브하고 한참있다가 나머지 세명에게 음식을 주는 일이 코스에 두번이나 일어 난다는 것은 참으로 아쉽다. 음식은 동시에 서브 되어야 한다는 기본도 안 지켜지는 것이다와인도 주문한 메뉴와 다른 빈티지의 와인을 가지고 와서 빈티지 변경을 알리지도 않고 그냥 서브하는 것을 보니 주인이나 경영진의 교육이나 직원에 대한 정성이 문제가 있는 거 아닌가? 라는 생각이 들었다 갈 수록 서비스는 더 안좋아지는거 같다. 불친절하다고 이야기 하는게 아니고 서비스에도 수준을 갖췄으면 하는 바램으로 하는 말이다
"좋은 분위기, 맛있는 음식, 높은 가격",높은 가격에 맞는 음식의 퀄리티와 분위기가 있습니다. 중요한 사람이나 특별한 날 추천합니다.
Jungsik Bar...고급이지만 경제적 아쉬움,"정식당이 청담동으로 옮겨졌죠.그 아래 1층에는 라운지 다이닝 정식바가 오픈하였습니다.정식당이 갖는 메뉴를 잘 관리하여 와인과 함께 마실 수 있습니다.와인은 잔 사이즈별로도 판매하며, 분위기 및 노래도 좋습니다.테이블 배치도 알맞습니다.음식의 맛도 상당히 정식당이구나라는 평이 나옵니다.다만, 내가 왜 비용을 내면서 와인바를 왔는가라고 생각한다면 다시금 ?을 떠올리게 됩니다.어쩌다가 식사 후에 가볍게 한잔을 원한다면 권해드립니다."
류니끄를 성공하고 나서...,"한국에서는 호텔 레스토랑 외에는 가격이 중간 이상 형성된 개인 레스토랑에는 가지 않아왔습니다.5년전쯤 한창 요리 공부할 때 엄청 실망했었거든요.류니끄를 성공하고 나서 정식당에도 다녀왔습니다.두 곳의 호오는 없었고, 뛰어난 재료를 기본에 충실하게 그리고 데코도 완벽하게 차리는 식당들이라는 것에 대해 느낄 수 있었습니다.강남 친구들이 괜찮다 좋아 아무리 이야기해도 굳이 찾아가지 않았었는데,친구들 돈으로 맛있게 먹고 왔네요.재 방문 의사 있습니다.좋은 음식과 서비스 정말 감사드립니다."
한국 식당 랭킹1위,"아시아에서 높은 랭킹을 차지하고 한국에서는 정식당이 1등을 하였습니다.가격이 비싸긴 하지만, 고급 퓨전 한정식을 맛보기에는 이만한 식당이 없습니다.미슐랭 스타를 받은 식당이 한국에 온 것 입니다."
고급,특별한날 고급스러운 한식을 먹고싶다면 가기좋은 곳이에요.퓨전한식이라 양식보다는 한식을 선호하시는 어르신들 모시고 가기에 좋아요 가격이 너무 비싸지만 값어치는 합니다.
맛있었어요,가격이 비싸서 좀 부담스럽지만 ㅠ.ㅠ특별한날 가족이 다같이 가서 한끼 하기 정말 좋아요.완전맛있다!는 아니지만 딱 정갈하고 깔끔한 맛이에요.
정식당,정식당 한국에 요리를 코스로 접해보고싶다면 이곳 정식당을 방문하면 좋습니다한식을 코스요리로 먹기 아깝게 꾸며서 나옵니다런치도 가격이 비싸 부담되요그래도 기념일에 한번쯤 방문하면 좋겠네요
맛있어요.,아이와 함께 가족이 가서 여유있게 먹기에 좋습니다. 디저트 먹는 재미도 쏠쏠하고 아이도 좋아하는 맛입니다.
맛있다,분명 맛은있다..독특하고 창의적이다.미슐랭을 떠나 독보적인 정식당만의 색깔이 있다.하지만 따뜻하고 편안한 한끼의 식사라기보다는 무엇이 나올까.기대감으로 설레이는 한끼에 가깝다.
퓨전 한식으로는 최고,"비싸다, 생각보다 맛이 없다, 한식이 아니다 등등 여러가지 악평도 많습니다만, 그래도 서울에서 이만한 퀄리티에 퓨전 한식을 내놓는 집은 단언컨데 거의 없습니다.외국 바이어등 비지니스 접대시에도 아주 훌륭하며, 연인들끼리 분위기를 내기에도 적절합니다. 다만 반드시 사전 예약을 해야 합니다."
분위기도 음식도 서비스도 훌륭,"여유있게 대화를 하면서 식사하기에 좋은 곳이고 음식하나 하나 신경을 많이 쓴 듯했고, 마지막 디저트의 데코레이션이 특히 훌륭했었음."
강력하게 추천하는 한식당,"너무 깔끔하게 나오고, 한식당이라서 어른들 모시고, 중요한 손님 모실 때 추천하고 싶어요.고급한식당 요새 많이들 나오는데 여기가 가장 분위기며, 맛이며 괜찮았던 것 같아요."
그래도 가장 괜찮은 한식당,예전보다는 아쉽다는 평가도 많지만 그래도 가장 괜찮은 한식당 중 한 곳인것 같아요~라연 같은 호텔 한식당을 제외한다면 개인적으로는 밍글스와 더불어 양대 산맥이 아닐련지 생각해보네요.한식을 이렇게 요리하고 서빙할 수 있다는게 대단한것 같습니다. 꼭 한번은 가볼만한 곳이에요~
Korean Fine Dining,미슐랭 스타를 받았다고하면 기대가 높아지는데 절대 실망할틈이 없었던 점심식사였어요. 외국에서 손님오면 꼭 모시고가는 식당입니다. 다른 미슐랭 비해서 놀랄정도의 맛은 아니지만 presentation이랑 분위기랑 각 course가 너무 잘 어울려서 꼭 추천해드리고싶은 식당입니다.
생일파티장소,로는 아닌것같아요.요즘핫한곳이라고 해서 예약하고 방문했구요.좋은 쇼파자리주셔서 멋찌게 앉아서 즐건식사했어요.다만..조금은 작은 느낌의 코지한 장소라서인지..넘 크게 웃을수 없어서 파티로 즐거운 우리는 방해할수있어서 ..좀 조용하게 데이트컨셉은 좋으네요.맛은 두말할 나위없고데코레이션이 넘 이뻐서 먹기아까웁네요.ㅋ특히 돌하르방 녹차케익은 ..무너트리기 넘 힘들었네요.이뻐서.한번정도 방문 좋아요.
가족 식사,"예쁘고 맛있음.완전히 새로운 음식은 아니지만, 한식의 새로운 면모를 경험할 수 있음.스탭들이 매우 친절하고,조용하고 여유로운 식사가 가능한 곳.가성비를 생각한다면, 저녁보다는 점심 추천"
예전보다는 못한거 같습니다,옮기기전에 방문이 더 인상적이였습니다음식은 대체적으로 맛있으나 일관적인 식감이라 조금 지루한 느낌이 있습니다기대치가 높아서 조금 더 아쉬웠던것 같습니다
최고의 레스토랑,한식을 새롭게 재구성해서 양식 스타일의 코스식으로 내놓는 집.한식 고유의 특성을 유지하면서도 맛 또한 기가 막힘.가격이 조금 비싼게 흠이랄까요
분위기 있는 만남이 필요할때,"정말 깔끔+멋스럽고+맛스러운 음식을 먹고 싶을때! 분위기 있는 식사가 필요할때! 정식당을 추천드립니다. 얼마전에 아시아 레스토랑? 50위 안에도 선정되었다고 하는데, 그래서 인지 예약을 안하면 식사하기 어려울 수 있으니 예약은 필수!*tip : 전통 한식집이 아닌 퓨전으로 생각해주시면 됩니다. ^^"
"보석 같은 곳, 절대 놓쳐선 안 된다!","서울에도 미슐랭 가이드가 있었다면 별 2개, 어쩌면 3개에 올랐을지 모른다(음식은 3개, 위치는 2개).음식은 한국식과 서양식 요리가 섞여 있고, 풍미가 강하고 굉장히 혁신적이지만 완벽하게 균형을 이루었다.모든 음식은 예술적이었다.식당이 찾기 어려운 위치에 있긴 하지만, 보석 같은 곳은 쉽게 찾을 수 없는 법이다."
정말 마음에 들었다.,"이 식당은 몇몇 사이트에서 상위에 랭크되어 있었다. 채식주의자인 친구가 있어서 채식 메뉴가 가능한지 이메일로 문의를 했지만 답이 없었다. 나머지 사람들이 배불리 식사하는 동안 그 친구가 샐러드만 먹는 일이 없기를 바라며 이곳에 방문해 보았다. 5시에서 7시까지 예약하였지만 10시까지 편의를 봐 주었다. 게다가, 다행히 그 친구를 위해 ""깜짝"" 채식 메뉴를 준비해 주었다. 6코스 메뉴와 각 코스마다 3가지를 선택할 수 있는 5코스 메뉴가 있었다. 우리 테이블을 담당했던 직원은 영어를 잘 했는데, 메뉴를 추천해 주는 등 굉장히 많은 도움을 주었다. 메뉴가 자주 바뀌어서 한 번 맛 본 음식을 나중에 다시 먹을 수는 없었다. 우리가 먹은 음식들은 굉장히 은은하고 맛있었으며 보기에도 좋았다. 특히 육회 비빔밥과 돼지 목살이 괜찮았다. 채식주의자인 친구를 위해 준비해 준 깜짝 식사는 훌륭했고 다양했다. 기본적이긴 했지만 굉장히 다양해서 마음에 들었다. 훌륭한 서비스와 맛있는 음식이 있는 기분 좋은 저녁이었다. 식사를 할 만한 괜찮은 식당으로 강력 추천한다.식당이 상업용 건물 3층에 있기 때문에 내비게이션이 있는 택시도 잘 찾지 못할 수 있다. 가능하다면 부탁해서 한국어로 주소를 적고 지도를 출력해 가는 것이 좋다."
저희 여행 중에 여기가 제일 좋았어요.,와우! 놀랍고 인상적이고 흥미로운 음식은 어떨 땐 별로라도 저희 경험으로 여긴 그저 너무나 좋았어요. 음식이 독창적이고 재치있어요. 극찬하는 리뷰를 읽고 갔었는데 (그래서 지나친 기대가 실망으로 바뀔 때도 있죠.) 여긴 칭찬과 찬사가 한 마디 한 마디 다 사실인 곳이었어요. 아름다운 분위기에 흥미진진한 음식이 가격대비 정말 훌륭해요.
현대식 한식,"한국에서 6일간 맛집을 찾아다닌 결과 정식당의 목표인 전통 한식의 맛을 살리되 현대적 기술을 이용해 재개발한 맛을 확실히 즐길 수 있었어요. 남편이랑 9가지 코스로 나오는 메뉴를 시켰는데 한식의 맛을 살리면서도 독창성을 보이는 임 주방장에게 두 손 두 발 다 들었어요. 디저트까지도 환상적이고 예술적이었습니다. 음식은 너무나 맛있었지만, 그래도 여긴 개선할 점들이 있긴 했어요.우선 여기 위치를 찾기가 대단히 어렵습니다. 저희 호텔에서 12분 떨어진 곳인데 예약 시각보다 45분이나 늦었을 만큼 찾기가 어려워요. 표지판에 한글만 쓰여있기도 했고요. 저희가 너무 늦어서 매니저가 처음엔 짜증 난 것 같았는데 결국은 저희를 위해 택시도 잡아주고 직접 나와서 배웅까지 해줬다니까요. 이 식당까지 오는데 힘들었던 저희 여정에 동정심을 느낀 것 같아요. (저희가 탔던 택시 기사가 정확한 주소를 찾으려고 하는 동안 다른 차랑 부딪치는 사고도 있었거든요.) 이 완벽했던 저녁 식사에서 딱 하나 작은 불만이 있다면 3번째로 나오는 코스 요리에서 불필요한 거품을 사용한 점이었어요. 식비가 싸지도 않은데 식당의 캐주얼한 분위기나 차림새 또한 음식 가격에 다소 따라가지 못하는 것 같고요. 그렇지만 서울의 높은 물가와 (도쿄랑 같아요.) 값진 미각적 경험을 생각해보면 가볼 만해요."
???? ??? ?? ? ???,"??? ?? ??? ?? ????? ????? ???? ?? ?????. ?? ??? ???? ????? ? ? ??? ?? ?? ? ??? ??? ??? 삼 ??? ?? ??? ?? ?? ??? ??? ? ??? ??? ??? ????? ??!서울의 가장 고급 레스토랑 중 하나. 모든 과정은 예술 작품과 같으며 맛있습니다. 그러나, 나는이 모든 3 시간의 긴 저녁 코스로 다이빙하기 전에 모든 사람들이 '정신적으로'준비되어있는 것이 좋습니다. 주차 대행 서비스가 제공됩니다. 식당 자체가 매우 작기 때문에 식당 자체는 처음에는 발견하기 어려울 수 있습니다."
아름다운 식사 경험,시각적 인 즐거움. 음식에는 다양한 맛의 차원이 있습니다. 입안에서 맛보기. 계절에 따라 메뉴가 변경됩니다. 이메일을 보내어 예약 할 수 있습니다. 서비스 스탭은 영어로 쉽게 의사 소통을 할 수 있습니다.
한국어 좋은 식사 아주 좋아.,한국 고급 식사 ?????. . ???????. ???? ??????. .
좋은 음식 의 포인트,"여기에 가서 7월 은 간단하고 맛있는 메뉴 문제에 직면해 있습니다. 하지만 음식은 정말 잘 요리 되게 나는 정직한, 모든 음식은 조금 전 의 품질 보다 더 나쁜. 그래서 식사 하고 매우 좋은 경우가 있지만 마기, 하는 수 없습니다. 하지만 전반적으로 좋은 경험이 있다면 도심 서쪽 구개 않을때 수 있습니다."
정말 마음에 들어요!,"점심을 먹으러 간 것이 혁신적인, 아름답게 되어 있었다. 다음에도 꼭 이곳에 다시, 아마 그 첫 번째 jungsik 뉴욕 레스토랑 이 미슐랭 스타 를 :) 하드 선택 거였어요 물론 밥과 김밥 의 사이에, 나는 뜨거운 옥수수와 디저트!"
하지만 분위기는 잘못된 식사,"저와 제 가족들과 식사를 하던 서울 시 jungsik. 6 명이 있었는데, 저희는 프라이빗 다이닝 룸 에 있지 않습니다 (최대 5 명 테이블 당) 메인 레스토랑이 있다. 방은 단조로울 수 있는 식당의 분위기 좋은 식당 없 이 $$ $$ $및 미슐랭 스타. 조명도 너무 밝은. 흰 벽은 더럽고. 할 수 있는 인접한 식당에서 소음이 들릴 / 이야기. 음식 그러나, 사용하는 퓨전 스타일의 한식과 양식 스타일은 좋았습니다. 선택할 수 있는 메뉴 - 5 과정, 사용할 수 있는 7 코스 식사와 디저트를 우선 하라. 음식과 재료를 하는지 설명했습니다. 정말 신선하고 맛있는. 제가 참치 를, 블랙 코드 (추가 비용, 녹차 무스 와 리조또 덕에 들어가고. 다른 사람들도 내가 맛있게 먹자. 바삭바삭한 오리 요리 도 좋지만 피부 만 더 필요한 것을 확인 과 돼지 고기. 그룹에 대한 5 이상 맞지 않 - 할 만한 파티를 개최. 메인 식당에서 더 좋은 분위기."
한국의 고급 식당,"여러 번 한 후에 예약해, 마지막으로 말하고 있는 테이블. 정말 기대 이상의 가치. 가장 전채 로 에서 디저트를. 매우 추천되는 경우 미리 예약을 서울 있는지 확인합니다."
고급 한국 음식을 위한 훌륭한 장소,길을 찾는 것이 우리가 하는 실수는 한 시간 반 늦게 대중 교통 없고 테이블로. 미리 전화를 걸어 그 직원들이 아주 운이 좋게도 우리가 그 상황을 이해하면 우리 테이블로 유지가 되는. 우리는 먹을 것이 꽤 잘 나가는 한국에 좀 더 모험을 시작한 마지막 밤에. 이 레스토랑이 갖춰질 게. 각 코스 메뉴 가 맛이 좋은 전통적인 한국 요리 로 완벽하게 준비를 왜곡 보다. 괜찮은 식당 추천을 안 것은 서울의 강남 지역에서 흥미로운 곳으로 가서 식사 후 시내 또는 전에 마시는 것이 서울의 흥미로운 정보를 알게 된 다른 모든 다른 서울의 한 지역.
레스토랑 미슐랭 가이드 의 완벽한 예제,사랑스러운 내 선택 메뉴 및 메뉴 추가 공간을 선택할 수 있습니다. 이곳은 비싼 편이지만 만 볼 수 있는 음식과 서비스 이 표준.
멋진 식사 경험!,"온라인으로 예약을 요청했을 때, 필요한 경우 보증금을 반영하고 테이블이 심함. 다행스럽게도, 식당은 찾기 힘들고 점심을 먹으러 도착했을 때 따뜻하게 맞이해 주었습니다. 정교하게 실행할 각 코스 메뉴는 맛 자체가 맛과 장점. 정말 jungsik 는 아시아에서 최고의 레스토랑 중 하나인 상태, 구입할 수 있는 산 펠레그리노 목록에 따라. 서비스는 친절하고 좋은 경험이 있기 때문에 더 기억에 남는 서울 여행에 내 jungsik!"
솔리드의 파인 다이닝 경험,"제 남편과 저는 휴가를 서울에서 당 에서 저녁 식사를 하면서 5월 2017 jungsik 을 남편의 생일.  음식 - 한, 흥미로운 현대적인 왜곡 하는 생각은 한국 음식 였습니다. 양이 적은, 기대도, 있던 분자 는 기대. 점심을 먹고 상대적으로 무거운 사전에 추천 합니다.  서비스가 세심하고 친절하지 않. 이 포스트 하는 - 저녁에 칵테일 이 앨리스 청담, 이 두 개의 - 걸어서 레스토랑, 하나는 직원들이 있는 실제로 걸어 길을 잃지 않도록. 이 아주 친절했고 많은 감사합니다.  유일한 해 두었던 신용 카드 세부 정보를 보낼 전자 - 미리 메일 또는 팩스. 이 방법은 매우 안전하지 않은 은행에서 신용 카드 세부 정보를 제공하는 대해서는 공급업체 및 신용 카드. 이 현대적인 방법이 될 수 있는 다양한 안전 2017 대신 수행됩니다."
우수한 서비스>훌륭한 음식,"저는 몇 번이고 방문하시기 전에 예약 변경 예약을 팀은 매우 환자. 나는 이 곳은 점심 식사 후에 친구와 함께 아침 식사. 그래서 우리는 네 가지의 코스 요리. 위치: 가장 가까운 지하철역: 압구정 로데오 역, 4번 출구, 분당 대괄호), (노란색) 1층에 있는, 1 분 에 직진 첫 번째 교차. 2 분 정도 걸어서 왼쪽으로 언덕 위의 현대적인 회색 건물이 왼쪽에. 서비스: 우수한. 방문하는 한국인 친구가. 웨이터가 요리 두가지 한국어와 영어 의 모든 것을 설명. 저는 항상 노력 하라고 할 때 정말 마음에 드는 음식점 이 있다면 가지. 사려 깊은 질문이 아닐 뿐만 아니라 중요합니다. 와이파이: 사용할 수 있습니다. 음식프레젠테이션: 평균 이상 맛: 평균 이상 입니다. 물고기는 원시 타르타르 재미있는 음식 취급. 굉장히 좋은 김밥 의. 오리 & 버섯 밥 였습니다. 우리 둘 다 서로다른 유형의 물고기도 평균 이상 였습니다. 녹차 디저트 일치 - 뿐만 아니라 창조적 지원하지만 맛있고. 어뮤즈 부쉬 보체: 아주 흥미로운 현대적인 해석 한국 음식. 우리는 만족할 수 있지만 매우 무아경 에 빠진, 다른 호텔 보다 미슐랭 레스토랑 방문하기 전. 가격이 조금 비싼 것을 할 수 있는, 음식의 질과 위치를 고려하여 지원하지만, 그리고 1 - 미슐랭 스타 평점, 없었습니다. 팁: 항상 미리 예약을 확인한 - 식사."
훌륭한 식사,"고급 식당에서 먹을 점심으로 자신을 대접했고 마지막 날, 서울에서 경험이 되어서. 압정 역에서 택시를 대기 정확한 주소를 반드시 한국어 드라이버. 저희가 예약을 해 두 번째 그룹은 레스토랑에서 앉아 있는, 하지만 붐비는 즉시 있어요. 5 코스는 점심 메뉴 를 보려고 할 수 있어서 모든 것을 할 수 있는 3 각 범주의 항목. 서비스 직원들은 친절하고 영어를 잘 구사했고. 뛰어난 요리인 에피타이저가 나오, 낙지 볶음 과 김밥 의 송로 버섯 소스. 고기는 약간은 너무 무거운 항목 (랜드) 를 선택할 수 를 선택하는 경우 해당 물고기 (바다) 다음 항목이 있습니다. 이러한 모든 가격 대비 만족스러운 식사 경험을 한 당신의 미슐랭 하지 않습니다."
처음 방문한 것 보다 훨씬 좋았습니다,음식과 서비스는 1.5 년 전에 처음 방문한 것 보다 훨씬 더 좋았죠. 알코올 음료 메뉴 가 더 나은 경우 확장할 수 있었습니다.
특별한 건 없고 실망했습니다.,보기 메뉴에서 한국 음식을 요리 하는 한국식 또는 아무것도 볼 관련. 그래서 저는 4 코스 식사를 주문 하고 바로 바로 내가 있는 완전히 손상 및 제한할 수 있도록 더 많은 マイクロ 이 식당에서 선택할 수 없습니다. 음식도 고급 식당 restn 동일합니다. 특별한 아무것도. 한국 음식을 먹고 싶다면 이 곳이 좋은 식당 입니다. 하지만 한국에서 먹고 싶은 요리는 공짜 식사 시간을 マイクロ. 아마 이 작업을 시도해 볼 수 있습니다. 하지만 나는 내 친구들에게 추천하지 않을 것이다.
한국 식당,훌륭한 현대적인 한식. 미셸 스타 레스토랑 이 있습니다. 좋은 서비스. 강력히 추천 합니다.
아시아 지역 최고의 레스토랑 중 하나인 50,"식사는 한식을 jungsik, 그냥 식사. 말입니다. 예, 이 다소 비싼 와인, 그만한 가치가 있지 않을 것이지만. (마지막 날 밤에는 레스토랑에서 저녁 식사를 했는데 penfold 의 부동산 애들레이드 magilll. 두 배의 비용이 많이 식사를 할 수 없는 증거 에 촛불을 jungsik .) 우리는 5 코스 메뉴 (krw 120, 000) 과 낙지 전채, 바삭바삭한 해초 쌀 요리, 해산물을 선택할 수 있는 branzino, 바삭바삭한 삼겹살 랜드 요리, 그리고 달콤한 아이스크림 에 뜨거운 옥수수 구성된 새로운 선택 매력적으로 현실적인 형태인 옥수수 속에 기만 해! 모든 것이 맛있었어요. 서비스는 조금 서둘러, 모든 것이 좋은 것이 둔화되는 아니지만. 어뮤즈 부쉬 6 알 수 있다 - bouches 몇 바이트 - 크기 디저트 간식, 그래서 나 같은 사람이 큰 식욕 없이, 4 코스 메뉴는 이보다 더 좋은 선택이 있을 것이다. 전체적으로, 멋진 경험이었습니다!"
시식 메뉴는 gangga,"저는 시음 메뉴 에서 jungsik! 이 환상적이었습니다! 완벽한 경험을 할 수 있는 한국어 cusine. 결함이 없었습니다. 음식도 훌륭했고, 서비스 및. 원하는 모든 이들에게 추천합니다 한국 음식을 시도해 보고 싶고! 서울 최고의 식당 이 라고 생각하는."
흥미로운,"작고 조용한 골목에 위치해 있다. 편안한 분위기 - 이들은 말 그대로 큰 창이 있어서 간과할 수 있는 외부 의 푸르 편집됨,. 음식은 매우 좋은 요리. 아주 멋진 컨셉. 다음에 다시 가 설명하겠습니다! :)  * 예약 필요 *"
서울 최고의 레스토랑,"이 중 최고의 레스토랑 입니다. 메뉴를 주문 하는 맛, 하는 것은 매우 맛있고 좋은. 우리가 늦게 와서 음식을 빨리하는 서비스를 제공할 수 있습니다. 그래서 다음 은 좀 더 쉽게 올 것이다."
수,저는 항상 뉴욕 가고 싶지 않았다 할 기회는 없었다. 제가 서울에 있었습니다. 아주 아주 좋은. 요리사가 한국 음식을 해 언어 해석됩니다. 다시 가고 다.
서울에서 내가 제일 좋아하는,정식당 defitenely 최고의 장소는 서울에서의 저녁 식사. 직원들은 매우 협조적이고 친절하고 창의적인 요리.
지금까지 최고의 저녁 식사,"친구가 추천해 준 레스토랑. 저는 3주 전 여행 온라인 예약, 식당 예약에 신속하게 응답하여 필요한 회사의 신용 카드 세부 정보를 보장할 수. 식당은 건물 2/f. 우리가 도착 한 시간에 한 표를 보여 주었다. 각 테이블에는 충분한 공간. 8 코스 시식 메뉴 고르지 와인. 음식들이 인상적인 프레젠테이션, 음식의 맛은 정말 좋은 반면 질도 좋고. 특히 같은 물고기는 물론, 스킨 확장할 수 있는 방식으로 아주 바삭 한 대접이 나옵니다. 메인 메뉴는 비프 또한 아주 좋았습니다. 나는 뜨거운 옥수수 디저트, 아이스크림, 은 옥수수 인형. 와인은 특별한 것을 제외하면 에서는 맥주가 참 좋은 원시 참치 와 함께 왔다. 전체 저녁 식사는 정말 놀라웠습니다. 3 마무리 식사 시간이 걸렸다. 약 usd 260 $이 와인 테이스팅 메뉴 및 it 비용 절감, 음식을 생각하는 것, 환경 및 서비스를 제공하여, 가격 대비 좋은 가치 이다. 다음에도 꼭 이 호텔에 다시 서울에 친구들도 추천하는 레스토랑 입니다. 볼, 레스토랑은 사전 예약을 추천 밤에 하는 전체를 보았다."
먹어본 최고의 식사,저와 제 아내는 점심을 먹으러 가서 정식당 dohera 최고의 식사 였습니다. 각 코스는 5 코스 에 있는 세트 요리도 완벽했다. 랍스터와 삼겹살 을 강력 추천합니다. 직원들은 매우 친절하고 저희가 도착한 순간부터. 언젠가는 꼭 다시 갈 것.
아주 좋은,이 곳이 좋은 음식을 제공합니다. 분위기는 괜찮습니다. 서비스가 참 좋았어요. 여기에 좋은 음식을 즐길 강력 추천합니다.
경험!,"우리는 영업 기회에 대해 포시즌 jungsik 여행 할 수 있는 경우 테이블을 얻을 수 있기 로 했다. 우리는 월요일 점심 에 아내의 생일 밤에 몰래. 작은, 현대, 미니멀 한 공간 이 매력적인 오후 8 시 에 도착하고. 처음부터 우리는 어떻게 갈 것이 확실 하지 않았다 식사는 한국 언어 능력과 비 - 었다. 서비스를 제공하고 숙련된 직원들이 있는 것을 매우 주도 ju 용. 각 과정은 감각을 준다 했을 때 축제 용 와인들이 다음 각 쌍 ju 코스가 완전히 다르 수준! 이 식당이 별 3 michellin 경우 지속적으로 개선하는 데 많은 어려움을 겪고 있습니다. 와우!"
한국 요리와 현대적인 첨단 첨단 창의성 각 요리,"지금까지 3번 이고 4 는 정식당 이동 시간이 현재 이후의 청담 지점 설정 - 동, 서울 중심의 괜찮은 식당. 갈 때마다 이 곳은. 다음에 여기 와 같이 요리가 더 혁신적인 변화. 대부분의 요리들은 한국 음식을 가장 창의적인 배치 설정, 전통적인 맛과 향기가 아직 그대로 원래 recipies. 모든 요리가 좋은 게 디저트, 제공하여 주세요 현란함도 잊지 말고. 레스토랑의 직원들은 영어를 꽤, 외국인 고객들에게 서비스를 제공 / 준비가 필요하다. 가격은 코스 요리 US $100 - 150 명당, 괜찮은 가격인 것인 데 사용할 수 있는 요리 시간 및 노력을 줄일 수 있습니다. 현대적이고 한국에 관심이 있다면, 먼저 좋은 선택이 될 것."
"훌륭한 세트 메뉴, 하지만 몇 가지 선택","좋은 곳의 작은 부분이 현대적인 트위스트 현지 음식을 시도해 보고. 객실은 정말 좋았고 서비스도 식사 별도, 하지만 호율적이 (훌륭한 수준의 영어를 구사하는). 비싼 음식과 와인, 좋은 품질 이지만. 요리도 아주 잘 했다. 좋은 위치, 지하철 손쉽게 액세스할 수 있습니다. 부정적인 점 만 선택할 수 있는 추가 비용 없이 중요한 절감 한 사람 또는 사용할 수 있습니다. 또한, 할 수 있는 낮은 수준에 있는 화장실."
딸의 선물!,저는 약 2 년 뒤 한국 국가 책임 카운티까지 은퇴를 고르지 았다. 오래된 친구를 다시 만날 기회가 다시. 내 마음에 드는 것 중 하나는 나와 함께 가족 여행 및 한국 중지할 수 있습니다. 내 딸이 있는 오래된 사람들이 여행을 가기로 퓨전 음식. 우리는 점심을 먹고 택시를 타고 시티 홀 정식당. 불행하게도 좋은 오래된 신사 가 택시 기사가 있어서 위치도 잘 알고 있습니다. 우리가 다니는 일반 지역 및 드롭 오프 에서 현지 가이드 를 찾는 편이지만 조용한 레스토랑 입니다. 이 모든 문제 갈 가치가 있었습니다. 식사도 훌륭했습니다. 우리는 함께 테스트 및 평가 컬렉션을 선택한 조합 들. 멋진 경험이었습니다. 사진에서 보이는 가장 좋은 설명할 수 있는 다양한 요리. 메뉴는 관심 연결된 복제본을 사용할 수 있습니다. 기대했던 것 처럼 훌륭한 서비스도 합니다. 즐길 수 있는.
"숭고한 음식, 최상의 서비스, 훌륭한 가격.","제 아내와 저는 마지막 밤 jungsik 당 에서 저녁 식사를. 우리는 이 곳에서 훌륭한 리뷰들을 트립어드바이저 및 그 자매 레스토랑은 미슐랭 별 2 뉴욕. 그래서, 우리는 기대를 실망시키지 않았다. 여기에 4 또는 5 코스 메뉴 가 선택을 수 있는 손질사용자 정의, 또는 세트 8 - 코스 시식 메뉴. 4 코스 메뉴 를 선택 했는데, 이 충분했습니다. 음식 한가지 하기, 두 가지, 하지만 다른 어뮤즈 부쉬 6 - 나왔다. 내 아내가 되는 것은 그 고기를 먹지 않습니다, 및 여러 어뮤즈 부쉬 - 있었는데 고기 나왔다, 하지만 매우 협조적인 고기를 즉시 제공 교체할 수 있는, 하지만 정말 우리의 잘못일 이전 하지 않고, 시작한, 세심한 서비스를 지속 하는데 식사. 저는 함께 가신 낙지 전채: 단일, 큰 문어, 완벽하게 요리로 한국인 고추 소스 를 만들어 (씹는 맛이 지, 매운, 적 이지만. 저와 제 아내는 버섯 전채 을 했는데 아주 좋았습니다. 두 번째 강좌가 있고 쌀 요리, 쵸 리소 를 선택하는 - 빠에야 하나. 정말 맛있고 깔끔하다. 세 번째 골프장이 한 양, 제 요리는 수스, 생강 이 비네 그레트. 제 아내는 가재, 수스 제 또한 요리 였습니다. 두 요리는 심플하지만 맛이 미묘한 균형 있게 프레젠테이션 전문적으로 구축했습니다. 디저트 에 있는 "" 뜨거운 옥수수 "". 저에게는 최고의 코스 였습니다. 어떤 종류의 아이스크림을 속에 함께 옥수수 모양처럼 보인 매운 먼지 위로 화이트 초콜릿 소스와 그 아래. 별 였습니다. 한 4 코스 저녁 식사가 저렴한 것이 약 $90 (제 생각에는 요금 가재 요리, 할인 했는데 음식의 질. 할 수 있는 아주 좋은 와인잔 목록 중에서 선택할 수 있습니다. 와인은 비싼 편 (18 - 20달러씩 유리) 이지만, 일반적으로. 이 레스토랑은 훌륭한 가치가 있다고 생각."
흥미로운 경험,눈을 여니 저녁 식사. 정말 한국에서 만들었으면 더 많은 요소를 명백한 요리.
필자가 했던 중 가장 최고,"필자는 최고의 음식들 이 있었는데. 음식 맛이 맛 을 얻을 수 있다. 또한 인상적인 직원들, 그들은 항상. 뭔가 다른 것을 마시고 세 정도 이었어요, 했어요 않고 hessitation. 5코스 식사를 했는데, 좋은 짝이 우리 웨이터가 와인도 추천. 아, 한 5 코스 저녁 식사 였다. 실제로 더 인상적인 기초를 가지고 있을 때 디저트, 커피 대한추가, 가득 채워지는."
아주 멋진 저녁 식사,"우리가 잘 알 수없는 정을 얻을 기대할 수 있는 리뷰는 정말 안 좋습니다. 결국 나는 우리가 아주 멋진 저녁 식사. 저, 이 guljeopan (원시 참치 하는 해초 빵) 쇠고기 에 함께 가 최고였습니다. 때문에 우리는 신용 카드의 마그네틱 카드 문제가 작동 하지 않았다 하고 칩 카드와 함께 사용할 수 없습니다. 레스토랑들이 좀 더 가능성 이야. 조금 무례 한 이후에 했던 호텔로 가서 현금을. 어쨌든, 이 아파트는 음식 자체는 좋아요. 다음은 일반적이지 않은 좋은 치료"
한국 최고의 퓨전 요리,매우 고무 레스토랑. 비싼 편 이지만 매우 좋은 … 한국 최고의 퓨전 요리...... 다른 와인 메뉴 였다. 맛있는!
훌륭한 현대적인 한식요리,"우리는 5 코스 저녁 식사 메뉴를 즐겼다 (할 수 있는 8 코스를 선택, 하지만 나는 5 코스 저녁 식사가 충분하다고 생각). 모든 것이 좋았습니다. 이 곳은 건물 2층에 위치해 있고 개인실에서 세 번째 층인 것 같습니다. 공간이 그리 큽니다. 분위기는 아주 좋은, 우수한 서비스 및 현대적인 한식은 개인 정보 보호 정책. 방문할 가치가 있다"
점심을 설정,"훌륭한 점심. 저희는 4 코스 식사. 여야 (2 +) 메뉴는 2가 된 이는 이용할 다른 요리. 직원들은 영어를 아주 세심 했다. 전반적으로, 훌륭한 음식과 서비스를 합리적인 가격. 문어는 전채를 시도해야 합니다."
맛있는 퓨전,"한국어에 관심이 있다면 가능한 한 퓨전 요리를 제공하는 개념 변체의 수, 서울에 가 보시면 jungsik.직원들은 친절하고 매우 협조적입니다. 그들의 영어는 완벽한 한국인 경우 사용할 수 없습니다.우리가 대신 선택 메뉴 아래에 있는 공유 메뉴 투표를, 괜찮은 선택이지만 야채 요리 제공 글리옥살수지, 땅 과 바다. 랍스터와 쇠고기 도 밖을 서. 와인, 충분히 합리적인 가격에 다양한 선택.실내는 시원하고 절제된 말.강력 추천합니다!"
한국 요리와 현대적인 트위스트,레스토랑도 매우 효율적인 대답에 내 예약은 예약을 한 해외 e.우리는 개인 방이었고 유아를 데리고 있었다. 음식도 좋고 서빙하는 내 아이 를 수용.
우수한,"멋진 음식. 정말 훌륭한 서비스. 서비스의 수준이 매우 비싼 값 (한). 메뉴는 조금 오래된 온라인. 전체적으로, 즐거운 시간을 보내지"
정말 멋진 밤에 방문할 가치가 있습니다 jungsik,하지 않을 수 있는 리아 o 최신 리뷰 에 동의하는 서로 다른 취향. 이 곳은 놀라웠고 몇 년 동안 우리는 똑같이 뛰어난 곳. 서비스는 훌륭했고 음식은 특히 감질. 훌륭한 맛 좋은 음식 우리는 아무 것도 할 수 없습니다 오류 8 코스
좋은 식당 입니다,멋진 저녁 식사에 친구들과 정을 얻었는데. 레스토랑은 매우 세련되고 아름다운 코스마다 표시됩니다. 전문적인 서비스였어요. 이는 빨리 잊어 식사 경험하지 않습니다. 강남구 지역에 있는 경우 한국식 식사를 추천. 정을 얻는 것을 추천합니다.
가격이 절대적 가치,"한 4 코스 저녁 식사 전에 제 친구와 함께 2. 정말 좋았습니다! ! ! 모든 과정은 아름다웠고 음식 맛있고! 직원들은 매우 친절하고 도움이 많이 되는 &! ! (그냥 약간 실망스럽다는 영어 실력은 별로여서 같은 높은 수준의 레스토랑 jungsik) 하지만 다음에 서울에 다시 여행을 가게된다면, 저는 다시 레스토랑 방문하다 입니다."
서울에서 특별한 밤,내 아내와 나는 여기에 특별한 식사. 직원들은 영어 및 한국어 도 잘. 음식은. 우리는 프레젠테이션 의 모든 부분을 사랑 합니다. 우리는 정말 버전의 반찬.
실망하지 않았다,"두 번째는 처음으로 간 후 그들의 재배치. 하지만 사람이 먹는 것을 생각하고, 각 과정 이상은 한 가집니다.받을 수 없는 몇 가지 중 하나가 원물임 의 도움으로 한국 음식을 맛볼 수 있는 하이엔드, 프랑스어 통역 표시띠는... 성공적으로 덥혀주게.유일하게 있는 저녁 식사를 너무 오래 걸렸습니다. 5 코스가 3시간이 라고 생각하고 좌석은 불편한 편.또한, 매우 많은 정보로 가 다소 어둡고 갇힌 느낌. 또한, 우리가 더 나은 부분이 모기가 좀 세 시간.하지만, 검색하는 사람들에게 좋은 음식, 이 곳을 추천합니다."
아름다운 서양 요리에서 한국 맛 최고 :d,"괜찮은 한식당 찾은 다른 일반적인 방법을 제공하지 않은 한식 식당 (같은 모든 경우에 지쳐 한국 음식점), 이 곳은 꼭 가봐야 할 곳. 각 조각이 예술 작품 같은 요리는 맛이 뛰어난 음식 말고. 때문에 이 식당은, 더 큰 지갑 같습니다: D"
아주 좋은 음식과 훌륭한 와인 메뉴,"노력 했는데 이 곳 중의 여덟, 우리는 우리 자신의 개인 방이 없는 부족하고, 모든 시간 들이 흥미로운 코스를 제공하는 와인 이다. 아주 이른 시간에 가까운 22.00 하는 몰랐어요 지금 와서 도와주기 를 했는데 아주 23.00 들.말을 할 수가 없지만 좋은 곳입니다."
서울의 최고의 저녁 식사,"서울에 있는 최고의 식사 정식당. 다행이도 저희 런던에서 미리 예약. 현대적인 실내 장식은 비교적 간단한. 음식 이야기를 할 수 있다. 이 미묘한 맛, 깊이 및 우아한 프레젠테이션의 모든 음식은 순수한 기쁨 아리마를. 똑같이 뛰어난 서비스 품질 또한. 친절한, 친절한, 전문적이고 예의 바르고. 예, 훌륭한 식사 이고 가격은 비싸지만 최신도 의 모든 가치 원 이었어요. 서울에 갈 때 놓치지 말인지 좀 미리 예약을."
한국에서 dinings 최고의 좋은,아닙니다 많이 필요할 개질제.제가 지금껏 경험하는 최고의 레스토랑.그냥 가서 점심을 먹거나 저녁 식사.또한 실망하지 않습니다.
이곳은 아시아 최고의 레스토랑,"작년, 베를린에 있습니다. 나는 내가 방문한 레스토랑 중 한 세계 최고의 레스토랑이 있습니다. 우리는 꽤 실망스러웠습니다. 서울에 있는. 저와 제 딸은 에서 점심을 먹기로 jungsik, 아시아 최고의 음식점 중 한 두번째입니다. 호텔로 들어가는 문, 입력한 고요한 환경, 정신없는 도시에서 멀리 떨어진 느낌 탤컴파우더. 직원들은 친절하지 않은 않습니다. 요리사를 볼 수 있고 수시로 체크하고 주방에 초점을 그의 노래 에 빠졌습니다. 선택한 코스는 한시도 저렴한 점심 메뉴는 다섯 가집니다. 에피타이저가 나오는 식사는 정말 소개. 놀라 울 정도로 창조적 이고 맛있는 생선회 의 시작이었다. 나는 바다 가재 를 선택하는 과정 (수 있는 추가 비용) 나 물고기에 대한 생각... 멋진 맛의. 물론 우리의 고기는 오리 인데 해본 최고의 요리 중 하나. 식사와 나쁜 아무것도 말할 수 있는 아주 좋았어요."
우수한,"내 남편과 나는 이 레스토랑은 우리의 결혼 기념일을 축하하는 저녁 식사를 했는데 너무 좋았습니다! 남편과 저는 4 코스 시식 메뉴가 5 코스. 각 섹션은 다음 중 하나 선택 항목으로 작동합니다. 경우 네 과정, 생선 또는 육류 코스 '기본' 중 하나를 선택할 수 있습니다, 물론 5명 모두를 얻을 수 있다면. 작은 물린 마음에 시작한 식사 - 좋은 전채 의 양이 크지 않기 때문에. 그런 다음 다음 과정을 생선, 모두 있을 수 있는 경우 이를 선택합니다. 다음 코스에 있는 참치 뱃살 한쌀의, 아마 내 마음에 드는 밤이었고, 내 남편과 함께 치킨을 주문했는데, 또한 최고였습니다. 내 주 코스에 있는 맛있는 등심 였는데, 매우 작지만. 디저트도 좋았습니다 - 특히 작은 돌 사람 캐익을! 물론 좋은 와인은, 매우 비싼 편이지만 - 한 잔에 $20. 전체적으로 우리는 놀랄만한, 기억에 남는 식사. 한국과 달리 대부분의 레스토랑 서비스도 좋았고, 직원이 와서 주문을 해보지 않 起伏. 유일한 단점일 수 있는 부분의 크기가 - 미국 / 유럽 부분을 큰 경우, 실망할 수도 있습니다. 나는 또한 내가 귀여운 서 말합니다 세요! 보너스 포인트!"
훌륭한 식사,현대적인 퓨전 요리를 선보이는 레스토랑과 환상적인 한국식과 서양식. 작은 지역에 서울 강남의 모든 여행객이 이곳을 추천합니다. 아주 낭만적인 이벤트 및 소규모 그룹에 적합한 이상적인 친밀 고요함의. 다양한 와인 리스트.
#1 한국식 저녁 식사를 할,제가 인터넷에서 여러 사이트의 인기 음식점에서 연구는 서울에 가서 당 을 얻을 팔고 있었다. 한달 반 전에 예약해 주는 책이 도착했을 때 신속하게 안 독출 편리. 체크인 하루 전에 우리의 저녁 식사 이후 내에 트립어드바이저를 독출 새 리뷰 게시하고 첫 방을 예약하고 2 3일을 이곳에서 좋은 리뷰를 내 연구에 놀라운 일이다. 나는 우리가 우리의 예약 취소 했는데. 해보기로 하고 2에 좋지 않은 후기. 제가 말한 이 기대 이상이었어요! 우리는 여행을 자주 먹을 수 있는 여러 레스토랑이 미슐랭 이 있습니다! 1주일 전에 도쿄에서 먹은 식사 및 joel robuchon 만큼 taku. 미슐랭 레스토랑이 미슐랭 도 모두 있어야 합니다. 환상적인 프레젠테이션을 준비하는 음식. 시내에 위치하고 있는 그. 관리자는 준 이야기도 하고 그와 함께 길이 음식과 와인. 덕분에 우리는 즐거운 저녁 식사를 하고 지식이. 현대적인 느낌이 없어. 돈이 아깝지 않은 레스토랑은 우리 같이 중간 높은 가격. 우리는 한4 코스 시식 메뉴 완벽한 양의 음식이었습니다. 오리 고기 구절판 했습니다. 우리는 한국에 돌아온다면 이 레스토랑이 이 곳에 #1 의 목록에서 식사를.
멋진 레스토랑,"완벽한 저녁 입니다. 아름답고 맛있는 음식과 매우 잘 5 코스에 공급 해야만 했다. 우아한 따뜻한 분위기는 있지만, 거의 완벽한 서비스 (속도가 느린 것을 아는 작은 출국 했어요). 저는 특히 그 사람의 세 가지 선택할 수 있습니다 각 코스를 테이블에 하나, 일반적인 면이 같은 사람들과는 달리 degustations. 다행스럽게도, 비록 내 친구들이 ' 한 선택. 내가 정말 좋은 음식에 대한 공포 도 없는 부러움 안고 있습니다. 강력히 추천합니다."
그냥 좀 실망하지 않을 시간이 많지,"서울의 경우 제한된 시간, 건너뛰고. 그냥 괜찮다.많은 아시아 지역 최고의 레스토랑 50 2016 22, 함께 가는 높은 기대 이상이었습니다. 불행하게도, 이 많은 저를 실망시키지 않았습니다. 음식은 딱 좋을 jungsik 의, 평범한 서비스에서.특히, 내에서 식사 경험과 특수한 다른 최고의 아시아 레스토랑 서울 50 (한국 전통 레스토랑은 위에서 50th 2016.). 저는 모든 코스는 실망스럽게 느껴지지 었다, 없는 우리를 깜짝 놀라게 한 요리.뉴욕에 한국 식당이 매우 뛰어난 수, 서울 않습니다. 8 코스 시식 메뉴 KWR180, 000 이 돈이 아까움. KWR180, 000 가 그리 높은 가격이었지만 가격 대비 성능 jungsik denpassar, 이곳은 비쌌습니다."
소개한 한국식 식사,"환상적인 경험 중 제가 가장 좋아하는 부분이 jungsik 여행 정보 한국. 5 코스 시식 메뉴에 있는 직원들은 매우 지식이 둘과 우수한 서비스를 제공해 주고 소믈리에. 물론 이 때는 생선을 강력 추천합니다! 미국에서 예약하기 가 어려운 작은, 하지만 나는 발견할 수 있는 위치에 전자 예약. Nyc 위치도 정말 친절해요!"
현대적인 한식 식사,"저희가 방문한 4월 이 좋은 레스토랑의 ""여자의 여행"". 서비스, 분위기와 음식은 아주 좋았습니다. 레스토랑의 이상적인 커플들에게 데이트 를 하는 레스토랑입니다. 추천하고 싶은 사람들에게 매우 심각한 후 정식당 맛있는 음식과 좋은 식당."
절대적으로 뛰어난,"이 현대적인 퓨전 요리를 제가 처음 한국 / 기대 이하였습니다. 저는 주위에 요리 메뉴 및 와인 두 잔 8 검미기. 섬세하게 잘 구성되어 있는 작은 곱고 아름답게 되어 있는 음식은 한식 요리를 제공합니다. 잘 일치하는 맛과 질감. 복잡한 아트를 먹는 듯한 느낌. 환경은 최소한의 현대적이고, 세련되고 허세 않습니다.잘 훈련된 직원들은 매우 좋은 지식의 모든 요리가 와인.노력하는 데 잘 하는 다양한 세계. 저는 이번에 저렴하고 환상적인 식사.실제 음식 좋아하시는 분들이 추천합니다."
한국 음식을 한 상에 현대적인,나는 한국인 친구가 이곳에서 저녁 식사를 하고 전통 한국 음식을 현대적인 그녀는 감동했다. 음식도 훌륭했고 모든 서비스는 최고 끌어당기는사람. 서울을 방문 할 때 가치가 있습니다.
항상 좋은 한국 최고의 레스토랑으로,"이곳의 음식은 환상적인 직원들도 똑같이 멋지고. 내가 저 사람을 특별한 방문이 추천하는 레스토랑마다 서울이 된,"
"놀라운 전채, 메인 과대 평가","나는 사람들에게 이 곳을 강력 추천합니다. 서비스는 정말 최고의, 와인도 좋았다. 우리는 무료로 제공되는 매우 인상적인 해 주 - 일부 먹어본 최고의 음식. 4 코스 메뉴에 있는 첫 번째 코스로 되어 있는 생선을 자신만의 - 초밥 요리 / 거의 환상적이었다! 밥이 조금 실망스러운 완전히 일반적인 요리 및 주요 코스도 좋지만 밤에 먹은 요리를 할 수 있다. 또한 매우 혁신적이고 아름다운 디저트! 맛도 좋지만 너무 멋진 디저트로 저는 일반적으로 거의 같은. 그래도 전반적으로 다시 갈 가치가 있는 것이다 완전! 이메일 예약을 위해 몇 주 동안 할 수 있도록 몇 가지 여행 개구부들."
지금까지 본 최고의 레스토랑!,"고급 레스토랑이 있는 의 의미. 이후는 디자인, 서비스와 음식도, 모든 것이 완벽한, 오류가 없습니다. 이 곳은 유일한, 독점 하면서 우아한 디자인이 보인다. 부드러운 서비스, 친절한, 업무에 영향을 미치지 않는, 우아함. 음식의 맛은 독특한 종류입니다. 이었다고 말할 수 있는 내 인생 최고의 레스토랑에 가서, 나는 내 인생에서 결코 잊지 못할 경험이었죠. 가격이 싸진 않지만 가치가 있음. 예약하기 때문에 바쁜 장소에 가기 전에, 필요 합니다."
"좋은, 생각만큼 좋지는 않지만","환영 서비스도 좋고, 분위기도. 가치 면에서 식사는 비싼, 하지만 비싼 런던에서 기대할 만한 수준의 동일 / 유사한 뉴욕이나 파리 /. 유일한 단점은 음식이 꽤 기대하지 않은 정말 최고 수준, 일부 과정은 놀라운, 조금 이지만 몇몇은 아주 멋졌습니다. 솔직히 말해서 이 둘 수 있는 기대하지 않은 그 순간 들을. 점에 있는 메뉴 중에서 가장 저렴한 와인 이었지만 여전히 우수. 모든 면에서 추천하고 싶고, 더 잘 할 수 있는 단지 희망."
기대를 초과,"우리는 몇 년 전에 내가 이전 위치해 jungsik 기대해 새 위치. 이후 우리의 첫 번째 방문, 대대적인 레스토랑이 많고, 그래서 우리의 아시아에 대한 기대는 매우 높은 최고급 레스토랑 중 나열됩니다. 이는 놀라운 경험을 할 수 있는 강력 추천합니다. 퓨전 레스토랑과 비교했을 때, 한국인의 강한 맛과 재료를 유지 jungsik 더 놀라운 결과. 전복, 성게, 로컬 물회국수류, 문어... 모든 (또는 기본 제공되는 경우)을 완벽하게 (나는 가능한 한 맛있는 전복) 기억에 남는 메뉴입니다. 저렴한 가격에 코스 메뉴 9가 지 말도 있다. 그만한 가치가 있을 것! 멋진 디저트 입니다. 서비스는 좋았지만 좀 더 할 수 있습니다 (일부 서버들은 친절하고 훌륭했지만 다른 사람들도 이해할 수 없는 맛있는 요리를 제공하는 직원들이). 실내 장식은 현대적인 이 곳에. 이러한 모든 기억에 남는 경험! 꼭..."
"비싼 측면에서, 그만한 가치가 있지만","시식 메뉴 의 흥미로운, 많은 흥미로운 맛 을 내는 한국 음식, 그들은 좋은 후 유형 메뉴에서 작업을 맞게 누벨 요리."
뛰어난 맛 을,"이 두 가지는 우리가 맛 있는 약 8 - 9 코스 점심 식사. 대부분의 과정은 좋았습니다. 특별한 언급이 문어 와 낙지 소금 & 문어 아이올리 (완벽한 질감, 그리고 오리엔탈 타이 / 도미 와 드레싱 (첫 번째 찐 후 스킨은 양념, 가 정말 잘 되어 있고 소스를 완벽하게 실행). 더 안심하고 갈비 맛도 좋지만 (거의 입에서 녹아) 내가 유일하게 도석을 라 중간 - 잘 doneness. 나는 얼마나 완벽한 것이 될 건지 보통 -. 디저트 를 위해 하지 않았다. 그들은 대부분이 너무 달콤한 내 취향에 대해. 디저트는 좋은 이야기를 하지만 hareubang 더 너무 달아. 이 당 은 흥미로운 gui (여성 인삼) 아이스크림."
"맛있는 음식, 좋은 서비스","우리가 주문한 유명한 주방장 이었고 내 약혼녀 를 시식 메뉴 의 생일을 축하 해줄 특별한 요리 에 대해 - 주방장이. 좋은 경험, 저녁 은 저렴한 생각."
제한된 비 알코올 음료 지원하지만 크리 에이 티브 음식,"저는 남편과 마지막에 있습니다.음식도 좋고, 하지만 나는 임신 한 시간에 하고 선택할 수 없는 알코올 음료 (콜라와 스프라이트 만 - 이것은 나를 위해 선택). 웨이터가 헤드 웨이터가 와서 변명 이고, 문제를 해결할 수 없지만.비 알콜 칵테일 바 주인 혼합 후 부탁해야 좋은 술집 의 주인 모두 문제 없이 웨이터에게 연락이 가능하기 때문에 이 메뉴에는 없습니다...창조적 이고 맛있는 음식 이지만."
내 인생에서 최고의 식당,"듣기. 나는 프랑스어 입니다. 때문에 좋은 음식에 대해 조금 알이 수 있습니다. 이 후. 나는 프랑스 요리사가 정말 걱정 합니다!이 레스토랑은 멋진. 이동, 행복 하기를"
지금까지 최고의 레스토랑,"나는 점심을 먹으러 갔다, 모든 것이 완벽했다. 직원들은 예의 바르고 친절하고, 영어를 구사할 수 있는 것은, 이 식당은 깨끗하고 냉정 한, 최고 중의 최고의 요리를 선보입니다. 저희는 3자, 우리가 주문한 모든 요리 메뉴, 완벽한 것이었습니다. 모든 것이 아주 좋습니다. 신선한 재료 맛있어서 그렇게 비싸지 않습니다. It 제어능!"
좋은 저녁 식사,두 번 방문 한 곳입니다. 그들은 좋은 식사를 했습니다.예약해 주셔야 합니다. 가치가 지출
현대적인 한국식 식사,우리는 토요일 점심 식사 정식당. 가격이 조금 더 쉽게 테이블에 상당한 점심 식사.현대적인 퓨전 한국 요리 훌륭한 식사 방식. 현대적인 인테리어와 직원들은 영어 실력. 와인도 좋습니다. 강력 추천합니다!
환상적인,정말 마음에 들어요. 제가 가장 좋아하는 사과 파이 었다; 아무것도 하지 않은 것 같습니다. 하지만 아마 미리 예약할 필요가 없다.
최고의 경험,"제가 가장 좋아하는 곳입니다훌륭한 음식, 서비스는 훌륭한대부분의 음식은 매우 독특하고 한국 사람들도깔끔한 아이디어 있지만 매우 복잡하게 하다,음식도 아주 잘 설명하는 공무원.와인은 포도 있는 관리자는 배지 추천저렴한 하지만 내 마음에 드는 장소에 가 특별한 경우"
한국에서 최고의 식사,"50대 레스토랑 중 하나라는 아시아 지역 내에서 특별한 일도 했다. 제 생일. 우리가 말하기 힘들지만 저희는 일주일 전에 예약을, 그 순수한 운 이었다. 레스토랑은 2층의 새 건물, 어둡고 현대적인 외관. 1층에 있, 있 jungsik 의 바, 비스트로 음식을 요리사의 역할을 하는 정을 얻을. 우리는 5 코스 저녁 식사 및 고기 요리를 선택하는 경우 생략. 친절하게 우리를 웃게 하다 - 부슈 고기없는 부엌 준비되고, 우리는 정말 감사합니다. 한국인인 재료, 표준에 따라 꾸며져 있는 현대적인 요리를 식사였어요. 특별히 좋아하는 버섯 전채 및 ""장미 드 베르사유"" 디저트, 가장 아름다운 디저트는 먹을 수 있는 것. 와인도 한 병 주문해서 먹는 요리도 가능하지만, 매우 건조 지원하지만 강렬한 결혼 하기도, 때로는 달콤한 한국 맛. 서비스는 아주 좋았고 직원들은 영어를 잘 하는."
캐주얼 식사,"이 레스토랑은 1층에 있는 바에서 건물 자체는 건물, 레스토랑 2nd 층 개인 방 위에 지사 및 3rd. 그래서 그 내용이 식품 사업!토요일에 점심을 먹으러 갔는데 전화 예약 후. 도착했을 때, 직원들은 여러분을 환영하고 당신이 레스토랑의 테이블을 모아. 현대적인 분위기는 아주 간단한 메인 레스토랑 주방도 볼 수 있습니다. 4 코스를 선택할 수 있는 5 8 코스 코스 메뉴도 있습니다. 우리가 간 5 코스 메뉴 를, 각 옵션을 선택할 수 있었고 땅. 나왔다 할 수 있는 일련의 생쥐, 1만... 너무 많이 기억에 남을 숙박해 지원하지만 맛있고 이름들을 기다려야 한다.의 식욕을 돋우 는 것, 이는 우리의 2 구절판 공유할 수 있습니다. 이와 함께 치즈 아보카도, 김치를 먹고 그 비스켓을 제공. 느낌이 좀 있어 보이는 다른 생쥐 확장 나왔다 아주 좋습니다. 나는 가지 않을 것이다.제 2 코스의 성게와 문어 를 먹어봤는데, 매우 좋은 방이 강력 추천합니다. 온 더 branzino 은 놀라웠고 아주 좋은 맛 좋은 토마토 소스와 케이퍼 작동유. 저는 디저트로 사과 파이... 비틀기와 아시아. 그럼 사진을 증명합니다.이 레스토랑은 아시아 최고 레스토랑에서 10 2015 없이 합니다. 음식은 좋았구요, 물론 다른 사람들보다 더 나은, 매우 친절한 서비스 (영어도 잘하 저렴해요) 및 세부 사항을 볼 수 있는 모든 성분 이라는 레스토랑. 그래서 그가 도전해보세요.... 가격도 저렴한 것."
뛰어난 한국 음식 거였어요,우리는 모든 요리가 맛도 아름답게 디자인 된 메뉴 이었다. 이는 한국의 서울의 객실은 현대적인 요리 및 하이브리드 한국의 최고의 식사 장소. 하지만 다행스럽게도 예약과 사소한 문제가 신속하게 해결하지 않고 맛을 망쳤습니다. 나는 다음에 꼭 다시 올 것이다.
"최고의 파인 다이닝 은 서울 / 섬세한, 맛있고 훌륭한 음식","저는 제 생일에 가족들과 함께 저녁 식사 jungsikdang. 저는 5 코스 식사 (전채, 성게 한쌀의 생선, 양고기 디저트,); 모든 요리는 섬세하고 맛있었다. 각 접시도 아름다운 모습. 제가 팬 이지만 이 곳은 현대적인 퓨전 없어! 서비스, 인테리어, 인테리어는 모든 것이 완벽했어요. 방문할 가치가 있는 비싼 편이지만 특별한 경우 이다. 하지 않는 다양한 종류의 와인 리스트를 가지고 있는 와인은 모두 선택할 수 있습니다. 저녁 식사는 너무 비싼 것이, 항상 점심을 시도할 수 있습니다."
"훌륭한 음식, 분위기 및 서비스 - 감당할 수 있다면, 꼭 가보시길.","추천해 준 친구, 및 실망스럽지 않았습니다. 훌륭한 음식 / 아시아 스타일의 프랑스어. 매우 다양한 맛과 맛. 좋은 프레젠테이션. 서비스가 훌륭했다. 전반적으로 좋은 경험이었습니다. 물론 저렴한 가격에, 그만한 가치가 있지만."
"좋은, 하지만 베이스라인에 따라 다릅니다","이 방법을 설명합니다... 저는 자주 챙겨가는 미슐랭 스타 레스토랑을 적어도 일 년에 한 두 번 서부 유럽. 기본 설정할 수 있습니다. 이제 jungsik... 저는 와인 페어링을 8 코스 등의 메뉴. 집에 있는 것을 제공하는 최고의... 음식도 훌륭했습니다. 하지만 구식 오트 요리... 큰 접시, 작은 음식... 마지막에 식사는 만족스러웠고, 즐기며 더... 저도 두 시간 안에 완료... 에피타이저가 나오는 커피가 포함되어 있고...모든 건 300,000 KRW. 가장 돈을 탄다면... 또한. 나는 모든 와인 잔과 함께 식전에 지정한 종료 시간. 나는 술에 취해 있습니다. 그러나 나는 호텔로 돌아오는 길에 확인 및 리뷰를... 내 말을 오해 하지 않는 것이 나쁘지 않았다. 직원들이 아주 친절하고, 영어로 대화 하기도 하고. 하지만 저는 서부 유럽 표준에 맞지 않을 가격이... 저는 한국의 문화를 생각하고, 어떤 것보다 하나의 엔터테인먼트 효율성 향상. 너무 기대를 적절하게 즐거운 것이 몇 시간 동안. 그럼에도 불구하고... 제가 기대하는 시간이 전체적으로 한국이 미치지 않더군요..."
다른 종류의 한국 음식,"나는 네 가지 코스 메뉴를; 저렴하지, 하지만 돈값은 합니다.예상치 못한 모든 과정은 다릅니다. 인식할 수 있는 각 한국 음식 특유의 맛과 냄새가 났고, 새로운 조합 이지만 완전한 프레젠테이션과 함께.저는 무서워 정보 중심 거리, 30분 정도밖에 걸리지 않지만 끝까지 레스토랑. 지하철이 아주 가깝고, 너무.저는 한달 전에 예약을 했는데, 빈 테이블도 있었고 아마 이후가 필요하지 않았습니다."
한국어,"현대적인 한국 음식이 깔끔하다. 아주 맛있는, 아름다운 분위기 좋은 서비스와 세련된 레스토랑."
절대적으로 최고의 경험 중 하나였습니다,"현재 아시아 음식이 절대적으로 나의 벤치마크. 저는 5 코스 메뉴가 거의 만들지 수 있는 자체, 고정 메뉴의 좋은 모습, 몇 가지 먹고 싶지만. 그리고. 저는 행복한 기억을 하는데, 준비할 수. 나는 한국인 모던 스타일 호출 (아마 공식, 방법이라고 느껴지지 었다). 모든 것이 완벽한 맵 은 요리로, 최고의 균형"
맛좋은 메뉴!,9월에 제 생일에 내 아들이 걸렸다! 멋진 시식 메뉴!음식은 훌륭했고 아주 깔끔하다. 서비스는 환상적인!돈이 아깝지 않았어요!
믿을 수 없는!,놀라운 식사. 모든 음식물의 한 입는 숨 막힐 정도. 서비스는 완벽하고. 최고의 식사 중 하나. 지금까지!
"좋은 느낌, 훌륭한 음식","좋은 레스토랑은 세련된 전용 식당 및 바 아래층 위. 무드 조명, 파고다 스타일의 특징은 천장, 클래식 모든 테이블 설정 조합 매우 세련된 공간 만들지 수 있습니다.매우 친절한 서비스, 맛있는 음식과 정말 흥미로운 조합이 있고.서울에 있는 한 밤에 이곳을 추천한다."
최고,"비싼 레스토랑의 질이 더욱 용이하게 합니다. 저는 유일한 레스토랑도 좋은 뉴욕에 있는 본질적으로 같은 리그 에서 점심 식사 비용 $600의 두 가지가 없는 와인. 할 수 있습니다 물론 점심 $100 이하의 아름다운 네가지 또는 다섯 가지의 있을 수 있습니다.이 필레 미뇽 은 매우 잘 할 수 있다. 일반적으로 같은 것들도 여기에 해야 할 것은, 놀라운 쌀 요리 등이었어요."
맛있게 해!,"오늘은 4 코스 메뉴를 즐길 수 있는. 각 코스는 맛있었습니다. 정말 아름답고 디저트를 즐길, 좋은 커피와 좋은 차도 끝까지. 마지막으로, 직원들은 아름답고, 우리는 다시 가고 싶어요! (반드시 캐주얼하게 옷을 입는다, 불가능 해 마음... 하지만 주민들은 현재도 멋지게 옷을 입고 그의 좋은 곳에 위치한 마을)"
"자신을 치료 하고 싶으면, 가 정을 얻을","저는 5 코스 메뉴 (코스마다 5 요리 중 하나를 선택할 수 있습니다), 정말 좋았습니다. 마음에 드는 한식과 양식이 섞여 있는 것을 보지 않고 주문을 정말 알고 또한 좋아 할 것입니다. 주문한 재료 (octopus 또는 같은 게), 하지만 정말 알고 주문할 때 방법이 제공되지 않습니다 (및 이 제공되는 것이다). 모든 것이 매우 맛있었다. 저는 특히 다른 감동적인 8에서 제공되는 식사를 즐겁게 하다 - 부슈 시작."
좋은 레스토랑을 서울에서 특별한 날,"우리의 결혼기념일을 축하하러 가 정식당. 코스 메뉴는 5, 에서 선택할 수 있는 요리. 음식은 놀라웠고, 신선하고 맛있는 음식과 훌륭한! 서비스는 친절하고 도움이 되었습니다. 단, 사전에 예약을 해야 하는 테이블."
서울에 있는 맛집 입니다,"최고의 한국 식당 서울. 맛있는 저녁 식사를 예약해 두 아멕스 플래티넘. 메뉴는 맛 또한 일품 요리 메뉴 두가지 선택. 훌륭한 프리젠 테이션, 좋은 서비스, 좋은 된. 하나의 참고 바로 외곽 9월 P.M. 에서, 우리는 최근에 이 식당; 직원들은 우리를 급하게 하지 않는 한, 한 곳이지만 꽤 초기 지웁니다."
할 가치가 있는,"저희가 간 4 코스 저녁 식사 메뉴가 90, 000KRW. 돼지 고기 국물 에 국수 요리를 해주는 입장과 돼지 고기 의 주요 jowl. 트립 어드바이저 지도는 핀의 위치에 있어서 우리는 몇 블록을 찾을 수 있는 곳! 저는 (제 생각) 핀이 올바른 위치로 이동할 수 있습니다. 위치는 구글 지도에 정확한."
훌륭한,"저희는 특별한 경우 고 기뻐! 완벽한 서비스와 맛있는 음식, 한국 전통 음식에 있는 nods. 완벽하게 요리한 쇠고기, 돼지 고기 국수 의 맛, 그리고 독 현상 옴. 비싼, 하지만 그만한 가치가 있는 특별한 하루!"
멋진,나는 음식에 감동입니다. 한국식의 괜찮은 식당. 해 볼 가치가 있는 맛 이다. 저는 아직 깨끗하고 세련된 인테리어가 아주 간단한 생각. 이곳을 사랑합니다. 서울에 갈 때 먹고 같은 볼 만한 좋은 식당.
친구들과 함께 근사한 저녁 식사와 저녁 식사.,"저 친구들이 서울에 저녁 식사 도중 최근 방문. 미슐랭 스타 레스토랑에서 처음이었습니다. 음식과 서비스도 아주 훌륭했습니다. 레스토랑의 음식은 아름답고 놀라웠습니다. 한국 음식이 매우 현대적이면서도 ""프랑스"" 스타일이었어요. 아니지만 저렴한 가격에 엄청 비싼 경험이 아닙니다 지. 나는 정을 얻어서 다행 할 기회가 없었다. 이제 나는 내 가족과 친구들을 알 수 있는 미슐랭 스타 에서 저녁 식사를 한다. 확인하고 싶다. 저녁 식사 후 정을 얻는, 볼 수 있는 곳을 찾아 먹고 여전히 배가 고픈 느낌이 있기 때문에. JK!"
정말 좋은 경험 좋은 한국 요리 학원,"제 리뷰는 밤 이었을 걸어맞춤... 음식은 정말 맛있었지만 여기장! 만약 식도락가 서울 과는 다른 음식을 먹고 거리 bbq, 정을 얻을 만한 가치가 있다!"
최고의 식사 경험,"우리는 많은 레스토랑이 있는 미슐랭 가이드 세계 최고의 하나로 jsd (서울에 있지만 미슐랭 등급 없음). 한국 요리의 훌륭한 식사가 융합된 프레젠테이션은 정말 좋은 빌어 먹을 설정할 수 있습니다. 모든 음식들이 가진 스토리 말을, 우리는 정말 해야 하는 다른 식사 경험을 하기 전에 시도해 보았는데. 또한 좋은 부르고뉴 와인 소믈리에 추천 하기에 좋은 곳."
"절대적으로 맛있는, 아름다운.","이는 최고의 식사 중 하나가 있는 모든. 모든 것이 맛있었어요 비교, 설명 및 각 코스는 환상적이었죠. 저는 이곳의 책임자 이 극찬을 해줄 수 없습니다. 아주 비싼, 특별한 날 이지만 가치가 있죠. 요, 절대적으로 갈 수 있고 여기에 먹고!"
훌륭한 점심 식사!,"5 코스는 특별한 점심 식사를 했는데, 그것은 돈 가치가 있습니다. 사실, 저는 가격을 지불해야 하는 것을 고려하되 다른 유사한 레스토랑."
내가 찾는 서울!,"우리가 도착했을 때부터 떠나, 눈에 거슬리지 직원들은 서비스는 완벽하지만. 모든 요리를 즐길 수 있는 테이스팅 메뉴 및 새로운 수준의 이동하는 즐거움. 와인과 함께 즐길 수 있는 다양한 선택이 조방의. 모든 직원들이 연주하는 부품이 되고 기억에 남는 행사."
서울에 있는 꼭!,"이 레스토랑은 매우 높은 평가 - 또한 기대 이상이었습니다. 매우 세련된 분자 퓨전 음식을 제공, 아름답게. 서비스도 훌륭하고 분위기가 아주 좋습니다. 나는 본 적이 없지만 팬의 퓨전 음식 레스토랑이나 기억에 남는 최고의 분자 가 변환 됩니다!!!"
사랑스러운 저녁,"사랑스러운 레스토랑은 따라서 우리의 사랑스러운 개인실에 있는 다른 손님들이 채터링 영향을 주지해주세요. 않습니다. 사랑스러운 느낌의 퓨전 음식 생각보다는 좀 더 한국. 그래도 음식은 맛있었고 서비스도 깨끗했습니다. 꼭 다시 묵고 싶은 고객들의 다양한 요리가 아닌 친구들과 해 볼 수 있기 보다.좋은 식당들과 달리, 나는 제한이 있는 저녁 식사를 모두 같은 느낌의 메뉴들이 8명 이지만, 사랑스러운 우리를 위해 해 보면 다른 시즌 한정 메뉴 2.모든 것이 다시 기회가 발생하는 경우."
좋은 점심,"우리가 예약한 1개월 이 레스토랑은 미리 예약해 주었고 점심 식사. 물론 점심을 주문하고 4 8 다른 과정. 오리와 돼지고기 jowl 주 애피타이저 및 참치 를 뛰어난 요리였습니다. 50,000원 가격에 높은 품질 및 음식 서비스도 가능하다. 이 2성급 미켈란 가볼만한 가치가 있는 레스토랑. 트립어드바이저에서 잘못된 주소를 주게 하는 것이 웹 사이트에 대한 올바른 주소를 제공합니다. 우리는 오래된 레스토랑이 기 때문에 이동하는 사람들은 11월."
가치 방문,"원래 가 한국 요리와 맛 으로 - 멋지고 잘 생각해 테마... 솔리드 기술 및 별의 프레젠테이션은 주방. 일부 요리 서명 메뉴가 진짜 마스터 조각, 다. 와인 페어링 하나만 되는대로 하고는 정말 잘 했다. 아주 멋진 디자인에 모든 곳, 하지만 서비스는 좀 너무 멋지다. 않은 서울 최고의 레스토랑, 하지만 조금 비싸도 있다, 하지만 확실히 맨. 가치? 절대적."
시도 좋은 사람,"제가 약간 지나치다고 생각합니다. 만약 누군가에게 맛있는 것을 조금 더 내고, 한 명씩"
확실히 봉제어능 우회,"음식은 환상적이었고, 서비스도 좋았어요. 식당의 디자인은 아름답고, 테이블은 잘 분리. 비록 알겠습니다 훌륭한 식사 일기 가 내 레스토랑에서 뉴욕이나 서울, 중식 에서 식사는 항상 새로운 맛과 취향 놀랐어요."
훌륭한 시그니처 메뉴,"하면 서명 메뉴는 거의 없고 경험 철학의 장소는 요리사. 나는 서명 시식 메뉴와 와인 페어링. 각 과정은 퓨즈는 한국의 맛 이지만 눈에 띄지 말씀드렸고 모험 매우 맛 감쇄기와 바로 다.비록 와인 페어링 일치한 각 코스, 질은 좋았습니다. 차라리 제공하는 더 높은 품질의 와인 더 수량. 하지만. 나는 후회 하지 않은 와인 페어링하는 변경 가져오는 전체 개념. 그래서. 적극 추천 받고 와인 페어링 2명. 전반적으로, 이는 매우 성공적인 메뉴는 요리사의 철학을 맛 나는 매우 좋았습니다. 알이 수 없는 모든 외식 이 똑같이 만들어, 아니 미슐랭 가이드는 심지어 그."
"프레젠테이션, 서비스, 맛의 고가 지원하지만","만일 modenrist 요리 -- 그림 - 명사 로서 소르 음식이 맛있는 호텔 -- 좋은 자리입니다. 너무 환상적인 직원들 -- 조언과 지원이 모두 친절하고 눈에 거슬리지. 또한 다수의 고정 및 개별 주문 옵션 범위를 파티 크기와 프레퍼런스 하십시오. 이것은 저녁에 먹는 즐거움은. 비싼, 하지만 봉제어능."
외식 과 한국어 영향,"우리 가족은 남편이 식당에서 생일에 축하 4 최근. 우리는 모든 요리를 시식 메뉴 서명을이용한사용자 한 놀라웠습니다. 푸아그라 요리 만드는 재료의 조합이 없고 부드러운 성게 크림과 함께 한국 쌀 은 정말 맛 짝진. 이 갈비 와 내 딸인 우리의 주문 코드 들이 원하는 다른 봉사 를 주문.중식에서 식사를 할 만한 곳으로 만약 특별한 날을 축하하는 특수 식사 보증합니다.단어의 주의는 분들에게 택시. 호출 할 식당을 알려주기 위해 최외권 최신 주소. 우리 최외권 여 중식 에서 식사의 이전 주소가 공사 중에. 다행히, 사람이 직접 택시 기사는 새 주소로."
확실히 가치,"제 아내와 저는 서울에 있는 한국 식당만 보는 미슐랭 스타. 음식의 맛은 끔찍하고 예쁜 아이디. 나는 어떻게 이 곳 도있어 스타. 아마도 좋은 곳 많이 본 음식은 분명하지만 결코 한국 시도 한 사람들에게 어떤 좋은 음식은 물론 미슐랭 스타 레스토랑을 하나. 론은 다는 분위기, 음식 배열, 그리고 복장. 그러나 좋은 경우 이 날짜로 사람들에게 음식 맛도 좋지만 감동."
의외로 서울에서 훌륭한 레스토랑,"식당은 너무 놀라운. 매우 놀란 그가 높은 수준이 서울에서 고급 레스토랑 로컬. 한국 요리사와 놀라운 창조적 아이디어 설계 요소를 결합하여 각각의 코스 한국 음식 고급 프레젠테이션. 그냥 감동 해 주었다. 완전히 내 마음의 전통 한식을 변경. 또한, 서비스도 훌륭한, 표준 캠장치가 굉장히 편안함을, 더 말할 수 없다; 가 최고 50 아시아의 가치, 특히 요리사 알고 팀도 그냥 로컬로 한국. 훌륭한!"
놀라운,"이것은 최고의 식사에 매우 오랜 시간! 멋진 현대 한국 식사는 굉장히 멋진. 좋은 와인 페어링 옵션도. 이 식당은 아시아 최고 50, 나열된 확실히 가치 있는 것. 참치 도 매우 맛있었습니다!"
솔리드! 아주 좋음!,"그냥 한 디너. ""매우 좋았다"" 그리고 중식 에서 식사는 거의 콘택플러그. 프리젠테이션 및 각 과정 부터 끝까지 도 맛있고 아내와 저는 정말 즐거운 식사. 나도 반갑지 말씀드렸고 한국 식당은 상위 50개의 아시아. 우리는 회의 중식 에서 식사 기대 이상이었지만. 도미 (domi 해당) 하는, 그래서 굴 었고, 동선 한쌀의, 해당 kalkooksu, 안심 을. 갈비 구이 도 좋지만 훌륭하지는 않지만, 전체적으로는 훌륭한 경험이었어요. 우린 또."
고품질 음식과 서비스,"남편의 생일을 축하 했는데 여기서 우리 둘 다 음식과 분위기를 매우 즐겼습니다.- 음식은 정말 창의적이고 맛있었음. 프레젠테이션은 정말 아름다웠습니다.- 직원들은 매우 친절하고 정중 해요- 맞춤형이 ""생일"" 촛불 장식, 디저트는 무료. 요청 시 예약했는데 몇 주 전에 두려웠던 그들 이었지만 확실히 잊을 참고. 강추!팁좀 찾기 어려운, 정말 강력 검사 제안 지도 잘 진행하기 전에."
한국 최고의 레스토랑,"이 레스토랑에 속해 아시아 레스토랑 50위 20번. 유일한 한국 식당에서 음식과 서비스의 질은 그냥 목록에서 위치. 음식 가격이 상대적으로 낮은 - 와인 없이 그냥 위에서 100 USD. 품질은 뛰어납니다. 미슐랭 별 2 가치 이고, 만약에 한국에서 미슐랭 가이드. 우리가 가장 전채 와 사막, 하지만 일반 코스도 맛있었다. 테이블에 적어도 2일 할 사전 예약."
훌륭하 ㄴ 음식,"레스토랑 은 추천 맛집 친구 가 나 에게 새롭 은 한식 레스토랑. 나 ㄴ 이곳 에서 점심 시키 는 5 코스 시식 메뉴. 음식 도 맛있 었고 잘 제시, 특히 디저트. 하지만 스테이크 중식 에서 식사 는 기대 하 였던 것 만큼 좋 았습니다, 아마도 그것 은 좀 이상 하 ㄴ 데 가 서 김치 소스.서비스 와 장식 도 최대 표준. 얘기 하 자면, 레스토랑 이 주 는 상당히 어렵 었어요 streed."
